magnitude,depth,soil_type,radius_km
1.1751640657477047,337.56865457873664,1.5213153631086573,1.2099033154879004
6.034746508247105,579.2652450564514,4.587875811390127,10.109469131011362
7.748704230678033,454.4622145745737,3.0881769186462167,32.43905025543477
3.703774502487801,30.406798335537033,3.1192660757588224,3.3318112684091648
2.2948625637905016,561.6101372054696,4.158222340603818,1.1047334970420386
3.812364961990551,412.33366029884456,3.96557616912898,2.7385397010809815
7.615392270474919,487.6953222102267,1.3908676333871304,23.05619197330121
1.3388310562460137,333.998865903178,1.9300515624906227,1.0952757702522955
8.590532473014115,198.28666760626908,4.5070652527728985,124.19106997958158
4.086467046872152,132.3147096025095,3.8365953488244315,4.3459884150029175
7.894224823051249,404.59100206031235,1.471314415924604,35.60948981911659
0.07194052450581467,458.1822845622382,3.7510669471111044,1.02963994070386
3.1590171462927064,253.58885284221356,1.6191143222472544,1.9371227166750375
6.515759347779317,177.54290836238877,4.419907705071714,23.227923542872396
4.235615474333631,255.9508661055302,2.102242171519955,4.27753126793982
6.806057050634484,528.4803304268834,2.6529126331837456,13.610197588052936
7.837884169635375,337.7274299048164,2.480851875516588,34.88208212243943
5.549113562983285,177.6443518098874,2.226612346698378,8.918470690088151
3.4435630421485364,493.8462255797596,3.9431297224184427,1.6033185886386974
8.549989228235969,461.49799438834214,3.9912567803195507,66.6805986794485
4.465948774152193,489.51800960653736,1.647180470832545,2.587455883254263
2.1445814153808005,280.392634498006,2.3537513852373877,0.9139449994092131
5.5057621459681805,487.9401861071222,3.827159734131479,6.9926817517686874
1.6073800913321723,675.1991759621623,1.0211625338902879,1.3213405537917795
0.9108858423870403,101.72990508502761,4.703447151191396,1.2591314755151066
4.35377434552764,44.85631945851741,1.887080978478048,4.952342892316973
0.8003973669580267,26.428736799555253,2.537304041704088,1.00570052172523
9.844481006312732,429.7759135016997,3.0840221728822357,147.02852869802066
7.116058317089812,418.2307946698674,4.782863431382431,30.558024816307817
8.202287344282205,448.2039201710959,2.7558881941649434,35.87744971917118
2.017072428060146,459.81895589479,4.2156396364615345,0.9613935193864982
2.860065117086954,23.5265459773809,3.398059651569958,1.6178990466649772
5.158136315528283,162.1696809726431,1.6779315672524087,7.181349648461606
0.3606113314434878,167.47963770116405,1.0011490874184936,1.097079390955411
1.5744476085039083,697.7720006790444,4.1186915159056685,0.927522030655094
3.5312766335652803,276.6001819358443,3.344320660838794,3.0425838531799845
5.1774270098929485,515.8478781024764,1.2744686877482359,2.800784833692805
0.901658575951505,199.1456509254656,4.319059209797199,0.780343767968527
9.15008973948154,243.6666737737697,4.853150660261955,159.94150643280975
2.765078486971222,424.45438559457654,1.7781007723438442,1.1570647453918232
9.297138408121203,402.4347052220703,2.0444300226877563,110.12736020153227
4.071346261072017,74.5254694748036,1.2895438821068157,3.063271886533635
2.9425182446812004,662.9108256243638,4.211768970289429,1.1618021250146944
9.567093495852752,613.2791323701468,4.252589398425497,88.52397156557086
5.74893878773909,485.93430302991004,4.864221822532423,9.267531827042262
5.631686038049302,538.9770349136835,4.02989314018669,7.89010162203062
9.612387253016143,321.1939005338868,2.8428817658580487,158.1615398543317
5.868265171499795,19.145488272451704,1.4650732057636904,9.62635817671888
0.6755426066125358,443.56325829073194,4.9767921334619025,1.2214810524588844
6.7691297606509995,160.95109701240787,2.2629227761157145,27.809260476004866
9.554456871233603,361.5529520433868,1.0388927668576997,84.1952143139614
8.321770449232286,173.78032655345427,1.372037720648367,59.659739792958696
6.736979167818138,574.7522826447711,1.3041152821347564,9.389252972443675
9.313962398356626,333.58881786250276,2.4141517048646843,111.28936795050072
8.943162528702066,188.35304772815934,4.788472436253913,131.83532037071095
6.831073085237685,636.9492212915214,2.9959973614547324,9.341849530505925
1.996665390943092,514.8003456699815,4.4909699936331915,0.9961668893512832
2.0677863232200986,141.93659115179133,1.99878173578783,1.1759093528889046
6.185968991818083,109.19689793331125,1.4267571604215648,15.20399087527531
9.201881295329896,473.06848741356856,3.6536963132818,86.69545283644936
6.138269752757525,534.9709488448689,3.165895818412098,9.8873326501264
0.42263126730997747,337.6044568407354,3.4826698993270666,0.5727186069054887
4.92340377704212,689.7529305271139,4.58799909277318,3.314208352908708
8.687688356245534,343.5637461245827,4.937578730710218,71.68478834657668
9.160068296725573,196.18663622823095,1.8883711323192531,102.05875094123117
5.766651863474097,37.90371990214889,4.1970796711199245,14.77048386074315
4.7832007661204345,378.53756191427897,3.0099008484866903,3.7975283447138235
3.937169228523979,480.4370525712726,1.6992014484761961,2.0124383006429887
9.765071952370418,488.7711976672977,2.84028236018572,108.10299555006017
6.892105490596489,8.273985027314247,1.8430095428057909,29.3359675521144
5.810082189794468,227.80533994079846,3.4511123854470855,12.938723097984496
2.5970076909029807,383.994380265432,1.948556610030181,1.0715561240834681
4.713453647384554,429.15883019691347,2.463696604487707,3.785081691191692
4.987700166101968,147.37273747745942,3.802850507265203,6.96111857375646
3.7230962786881605,598.0282610685737,2.1185181275227363,1.3574991728944905
1.7988922872699586,91.79741654910674,3.3035709168318483,0.9259365125258031
2.285667494996686,69.90881863661717,2.0797964276101464,0.8548346039747968
2.3580517288550764,302.5531262115844,2.523533528925872,0.9357827258551131
1.4584373533753636,671.4035445226684,1.5981922290619317,1.2251139685951467
8.056683615575901,123.625093661729,2.9983913044474026,74.86108169590179
9.955617702996015,594.5729407776623,3.0680278996820025,99.21512175797645
7.205603295246306,549.7330556857148,2.2001367286137947,14.51599424068492
5.621384520717112,397.48416344371816,2.5936076074533103,7.2552082027161875
6.905431759606442,42.02546440681162,4.255272276827386,51.41172581150671
4.765394243521371,440.9035486535081,2.799419276255167,4.228668989521936
3.346565385145628,252.67341473858508,3.241400139257058,2.3537682805363707
9.318445757777681,180.40037781669344,1.07934133445504,120.9940622657613
1.2123748921670374,607.1580087818958,4.852466243671657,1.035818373853977
1.9895811063687319,403.1261202313441,3.5965238075983,0.9611436781268945
1.7453883572945839,546.216368669466,2.4204361535635672,0.9705475226372533
6.7319284014735015,341.24562101305315,3.94610465904862,21.939434493440082
8.896324491382204,266.74969888899204,2.1460943062231563,84.65112913426327
6.317121904834689,101.3938367946472,1.6703021419221353,18.07752673400092
8.077171439570686,236.17181699925317,3.525093633303348,63.11927357767373
5.716375738737934,594.2305403571661,1.2853763127062297,4.505117876072378
1.6199948894698535,159.7525575715113,2.267512966782245,0.9878925129837126
2.9135635279441985,187.23067360944654,3.578577172620753,1.906377590689944
2.7124810135134902,311.42887135358023,4.45122593458801,1.073461934278077
3.631648402504287,410.84384146820736,4.862104131289978,2.9120274759497855
4.1398906087367315,128.72033937236878,1.0924043692660304,3.262175077726296
7.277724164324044,463.41578346604774,4.761749349351982,32.74703453852066
7.006969284246843,56.04531651288299,1.6676418601586098,15.672043708733819
1.0300931405688607,44.654679713812165,4.514763905798965,1.313256205717109
5.484337438182938,18.455439356368718,2.588050083040678,11.577330788334312
7.649963721335958,58.275840973480655,2.0498090570599485,54.00843689232576
1.5527436200016187,458.38287288034485,4.541885268385595,0.8440141109311704
3.0937065354999858,173.17756352063458,2.136701120232356,1.8959437044843352
6.264806846261896,91.89397743880471,4.354071115571498,20.23910307215792
0.285712930199129,464.4843947126632,4.44147526965357,0.9064346558956292
3.2520131665647876,333.3083184587615,4.899926181760378,2.921668194041715
5.405841613922831,190.6900993286199,2.7793797294829754,9.104750197056102
9.695422645545461,488.33601383493317,1.7081465599188483,94.28640727814692
5.975841988365607,441.7332658487418,3.5434045457033427,11.665412216145683
5.639844867212874,366.4218630481552,3.558112994843248,10.149094989691788
3.096613281139966,243.01781011489163,3.1586724885442385,1.9049079449284343
8.047077662464531,309.3022139035741,2.4631332877935113,49.24386718923596
2.598070439377244,212.50104090116227,1.0003693855797122,1.3605123377857413
8.153797891608882,593.5625418678694,2.375539668999977,26.741812673794396
4.691979552440262,5.82197741746131,4.6883535829762115,9.56230130843716
9.469575118681243,333.94694931602,1.0365303983053327,106.25288762499623
4.304353132692334,205.04582910167142,1.9248615740766342,4.322032298949251
0.07217985005767535,261.55071356892347,2.6469434762645383,1.178054545834057
5.605543586396155,276.32645573412833,1.6530779813211551,8.584763011589862
7.371178541033774,272.80628889723715,2.513432241099847,25.843225241681097
2.6298027544624905,295.5675679275849,1.9582472597542422,1.273873072295788
7.6453829407661456,636.9680824074994,4.230299761710302,17.968200762242397
6.846402903785193,199.27379827141706,3.971707568524607,31.223220705479427
8.08808649099037,289.03271355927313,4.413928093566416,58.201634674649014
1.824071790026428,202.71670950389984,3.547570838193387,0.9903792480110511
6.177294139025154,190.49389131613682,3.491015121102214,18.674443941767787
1.877894425440112,13.576778072897444,1.1985282888923945,1.0482035823175408
5.349707530597662,130.15631869906795,1.409093954626159,8.130192980406735
2.6919513288914554,500.6371595478925,3.90842828179014,1.242056690358797
2.328104979559554,105.478585588242,2.9743182127829813,1.3622837254485114
3.4191285386862624,218.10367964213884,4.197849407744281,2.684254889546356
9.979634461655994,324.5791270424005,4.165698857061181,255.1473293110785
3.3024864703583034,590.482409487655,4.806576166930432,1.5654348944894088
0.5603834440189281,542.9570374987665,1.2855387789962274,0.8158588277294512
4.701467765987197,134.53460504851697,4.366157151761039,8.425990785031718
8.172507239995703,579.776433176032,1.487846224743083,26.73560994659688
7.681456708511898,174.27365235506386,4.084901332109338,53.42644349655262
4.4296094214292,516.333308787456,1.1340411662811003,2.391118763168826
4.608346353122799,539.6971774531321,3.0845564802291356,2.9282769224938323
9.82115851405614,330.9778814940606,3.725769280231413,189.89696961160365
3.1210936558406974,226.14423193803432,3.5166570165227973,1.991246610441197
0.4218591559473106,656.1946465425636,3.0837050116700384,1.0023368571372202
2.533127403350889,446.96400842941665,1.7948945272095993,0.8355587369657197
8.875195760435425,604.5603660247202,1.8711529962204114,30.878365575078647
1.1292845931623752,443.0362761312213,2.298053950520387,1.2391757594837458
1.6736035640828606,193.27003068691343,1.4785983680429546,0.8729557977522509
7.891437801948885,6.250899122539499,1.1679734760843816,41.63137831276153
7.834752402510599,332.68947513315504,3.38484913572645,30.270104453455563
3.713986633032337,62.6359319247721,1.6307938247895004,2.519196627584841
0.9140155230421299,433.0514009065588,4.723395138074508,0.8015365309888752
9.969731029835355,437.5926311465847,1.23910052643769,139.70121408275585
6.445748966479185,490.92969801610207,4.165864977460851,16.105211019089854
1.258274576652264,162.8722415992445,4.926702843855335,0.8967774482233415
7.885618257868735,529.6882662409723,4.222101506346343,46.654677160654074
4.387188980965973,135.07570933511093,3.7569999211361687,6.5831593548118
3.581674972504314,94.31252163266657,4.594652177080171,3.6578467201899425
4.853021331625131,306.2500029155414,2.1788583857635877,3.053535693226552
6.970377749956548,132.843085353756,1.7465069157964153,33.621458311334955
3.476646790182655,512.681687085899,2.1012978514332126,0.985636520792402
8.313495933911199,640.1318013846322,3.218081240664226,22.359507572674474
0.6887658336115943,108.51783465272888,2.182690644842939,1.153385564801446
2.6334926889543198,256.9788949031776,1.0028793148969979,1.365962860950891
6.380260624435374,265.33049876660414,1.7421371603885998,16.73760416961342
0.18719856588055195,599.7805018339502,4.104066271191755,1.084586368007854
2.3878655821602113,504.7024938787462,3.6331576695192798,1.089213151249793
5.389565215934048,271.24358812651496,3.0962790752418092,9.785191590424688
4.975491595695472,386.02746507445016,3.452156969402107,6.3142970313835205
3.2260003991279396,448.6327508495512,1.4418565361576166,1.1107141659257027
5.232005391932355,46.67589016738594,4.340773431593165,12.552223496096286
1.297742663222461,611.4449443064007,1.8083161147551285,0.9906110308150716
4.853702872366953,69.1275106539726,3.284048725418796,7.121698378335167
8.362995266064914,460.5448807994779,3.103285450457647,46.652275810333244
7.013140215747126,179.15697123378465,2.4654160803771847,20.566551224346398
6.0595362423245005,49.6117726650854,4.720844147236204,22.572439861107448
2.0873809349350148,343.98385099979185,4.559069300653865,0.8517113339273623
0.7995680323287202,560.7139643076189,1.242800753144206,0.8344616024176343
5.580198894700217,656.7707003899025,2.6638128108390124,3.971540824603441
3.690686508584735,495.90364948518584,4.294571865109602,2.517476446165655
2.6581563449666525,28.457206592039995,1.2815525184409764,1.4783242112484414
3.039045488680554,661.222437405065,4.842346981748499,0.7644249094565234
0.9711925015766254,507.6203529664322,3.12664420560989,0.8515557795144494
1.8946041310667572,368.33441525558794,1.9950521162160535,1.1411156781982323
6.25325053539152,125.22852414024199,3.9967774319094898,18.645624088391166
4.151846002497402,73.85992732940902,3.554497199552168,4.931277486357654
3.5796336587140374,321.10441469986205,3.6609694190941746,2.6862447659502555
8.828240193732261,116.76652323248321,1.7215861544002729,78.71173326334383
4.015571736148952,236.2590093930983,1.632705823597326,2.7937486195289702
9.984335720532814,310.1085189988015,2.4092963010813286,141.56568706014107
3.1515499614239726,694.0240934326888,2.2986164344803695,0.9097948534073179
3.7171951243537125,534.9290575330598,2.722352290932982,1.6199881902798614
7.258676836151698,425.8893591799273,3.2525788112171363,18.917426340546474
2.139281360437204,535.9957537439993,4.70458769037063,1.0660712106940597
2.540891271830241,673.1562429419341,2.7899991559929975,0.9970543301609979
3.970905616894038,508.4192948361041,4.931825884714192,2.8758548298471114
5.957628266237858,362.32655118823044,4.9736480382181565,14.691644397972311
3.018416539323987,210.23377320972153,1.8875468139297604,1.8060712736726554
8.55720425508206,15.190960020319677,4.287759689788458,129.80342175182219
6.89719183909427,193.16999572052396,3.2146526131412827,26.256371949173555
5.563230855067685,648.1457151482126,1.6188591448750236,3.340854145395375
0.37736300083769825,248.95902729984348,1.55363277390564,1.0814947043554581
3.670828930260639,407.508994451909,1.9319765942169376,1.7402610934282272
8.110742367826584,64.33358489976085,2.5991929939110556,69.90413696230341
9.178818033444678,513.9861677143059,3.89432210697806,76.09674325190298
7.929041943142799,121.03174359942581,4.302820977539541,65.80550372115073
6.895951010498992,403.36272324368866,4.630622568588377,19.16089748658735
5.9523120255958,210.27527769029226,3.923157447825109,19.856198603752333
5.762836961563387,54.9341771459977,1.2236908352932776,8.720362200764946
7.709015036701384,243.55114486705324,4.268566800186169,47.52837459967739
4.1652171261791935,607.4817678658542,4.479146056484879,1.96845016777078
2.2671767136215157,456.94542821224564,3.40920653726617,1.1342386565416662
0.11434380962603519,544.1930327008331,2.529947848741053,0.9557575482561959
3.0478339287924285,28.827576514494236,3.1597189177546765,2.801824262713056
1.4958001916730124,351.6811273130629,1.8831886992811406,0.8989764063634197
0.5051981414582751,512.105001495459,2.5715308180761407,1.0418491243335704
4.456162359777107,416.5925339063882,3.018917384448139,3.064918194190623
2.220856281514143,202.84812040968094,2.5772896155122638,1.3217723691660082
1.3218904537087806,57.781578847007864,3.2857623620425174,0.8218602371455731
0.49311098070088044,279.43390968285934,1.3403159498729416,1.0464731065340542
5.018231156057946,541.6775955893796,1.5215006995806966,3.318119540897253
1.3487076372595497,391.5073241194782,2.951444399217331,1.0620698646177247
6.522484389791688,137.26951027525453,3.4639873503768075,23.46394709636291
7.356677541453226,172.37208835497916,1.2865759213643395,27.848502763771492
7.767718987916837,226.38814880934785,4.696552323580331,60.10182005495605
0.8959464812673523,470.22328741481476,2.6941624094625602,0.9779496997557267
3.483078568465243,224.5168539968687,3.375508596164282,2.9541085216242915
0.24206830335269047,213.37319328247517,4.950607667854917,1.3315784502387027
6.162209944545034,693.1114275899322,2.768840420937006,4.685386499221119
1.4581847519027757,31.414285651961272,4.272687680527257,0.7945295530631383
1.9968521360575575,261.67455322439855,4.0309351303722485,0.9867576927473117
8.527641451792004,78.66021854957297,1.218152053447017,98.21492517445084
9.489409150257888,648.710786576375,4.475009406579874,67.86121209403149
8.201339564299962,9.613304885401963,3.7751809002244703,116.65132415210272
1.1127799231646984,315.0430994468422,1.090992460604808,1.251655122111466
2.090095411242021,376.60382053489025,1.8152054115064207,0.9169617637438008
5.232658814665313,181.06060239791896,2.932105321378767,9.358840877317308
7.299235835097888,98.94319464675927,3.7950209280330114,56.46359866728784
0.1838851255630447,408.103460328491,3.6541133679985727,0.943130838851877
0.43482007499458963,119.22375293133433,2.136054164191963,0.9694629459846458
7.891884945074221,432.5753434739785,1.2123409946251158,24.343573763361704
6.54757871815387,5.833922673899328,2.5545805889479167,21.122078377760854
2.713103790803375,596.458061330081,3.640401493317459,0.9026083682400989
8.642822735599534,13.354826753935923,4.469641771417924,113.15909777298575
6.494111447522284,161.8180340964719,2.5228048118513917,19.968338442102823
9.766119398898542,69.72259828977614,2.261823877235119,181.87155248271145
8.667727455281199,372.0924516142492,1.745669549670076,58.88166021337737
5.006508228688789,320.5903835034465,4.705399892105734,5.858283589344415
0.2148845821434553,173.1744978248259,3.1176614554204796,1.0496320348321686
3.335696346307757,275.37987247909234,1.6280210023633308,1.8213874257136924
3.4677990290754543,246.3391575870267,3.5009238810040415,1.7662427327259551
2.362047657072127,684.7709870711824,3.0050058447086294,1.0561084854771359
8.118928600997455,438.05465460103414,4.5147090967646415,61.798784475031695
8.904020860787615,570.4010463748359,1.117863593820831,31.28230841299272
5.549393515968055,196.13569123974355,1.6068327230747386,10.482400964237629
8.971753149691715,459.85223126472886,1.3511800685492057,58.30142822340399
3.822071218544083,672.4239854112001,3.449793573400422,1.0860749615105083
6.255246004948266,159.19958421687286,1.9614432326823041,15.208145404127588
1.527491541688516,679.3760211666519,4.638941574256685,1.0837490368782583
3.292847383705465,379.56362584412466,1.8270290986440374,1.3890225823174758
1.385765267985366,378.9476787957105,4.200420236656374,1.0808133988669555
8.625876615800681,216.2988773135279,3.8205455511404027,84.5951961179414
5.238054835018717,94.67674569074067,4.982743200928034,13.013978777998988
9.757769090685994,101.6066764247583,4.732119785691627,220.83174962093284
9.171121206734174,222.2473475893574,3.229361192374275,128.4986227153227
9.486015641647615,82.87110350202508,2.270390356764868,144.35817039459403
8.796381216162652,508.95567328213406,4.06174005027674,60.06236720410097
8.80131900108576,289.8281087937752,2.6450070531173973,99.16670030372457
4.43004487049652,653.6379670738351,4.57652037253521,2.6797296045261834
9.332500304158003,191.6573152420665,4.116431539891171,188.0597320059783
1.0677143284340107,129.32254760219712,4.049789934931862,0.8361530852991131
6.119815976690241,186.80382910313568,3.2681723717558984,15.854401125370867
2.30911348733013,162.52777398853496,3.749511540713444,1.5494225990463988
3.592613345345513,481.69889931290123,2.9064088801767416,1.6895771512100028
5.023245874504613,423.298231721926,3.84807651190664,7.775377032028142
3.7395940113050097,596.4906027259096,2.965782388265339,1.4601112130291831
1.3751272234161471,135.28188063495713,1.1289182129081832,1.0288073674735048
7.645388541282347,10.509982316229916,2.079434810584725,46.67098861995049
4.130440221917198,519.6566631640297,4.9529736698518265,2.9530178688108193
7.577765897256292,46.295426964422546,4.708412824711175,64.26765429157328
9.85627639586368,606.9903018470224,2.9597715940434544,102.44328894060546
3.2489562680404562,320.2814506091985,1.9871353634463453,1.7364912837568072
4.048667682425284,29.27839253508271,3.9413271195986423,4.6475533758059555
3.8037416875512085,219.02824398804825,3.446019498680208,2.626065559863828
7.424678547079448,415.66406097495235,3.1009221268115583,20.155953550002135
8.757829718598169,550.8439036232112,3.082596364894995,55.578528917141604
4.516095925636621,578.9070711615449,1.169663664036391,1.5040063166924669
9.95836371524048,363.0918568112582,2.582444786543567,110.80161563635131
7.351700815502674,390.3906648693866,3.064506732379194,29.19330314836307
6.306485530927204,34.50681442689323,2.164717448936518,26.281465217460422
3.980398914545593,213.187903475567,4.310484030423003,4.195820571204005
4.613471639639631,295.723527715309,3.45253711697557,5.785262420221167
0.5454666681552645,361.87875518629664,1.5689584751003665,1.0122744037821347
8.298935044266395,316.18866148075875,3.8905871659713323,66.97650234676397
1.1317158624359502,545.1117993132278,4.751369830796957,1.1378614724481653
6.961141418397956,94.7146719332538,2.6542372203904665,29.165555508279574
4.5088585484707435,125.21500526053092,3.361261901158616,6.2186842684826535
7.126343913063026,141.35240329641033,2.8187328305894033,34.743847995820474
2.5008229407723825,484.202199831631,4.628649852021627,0.8997864319535427
7.964862224757225,502.8623038029941,1.494176867341734,29.337684819403247
1.1416493882407774,314.57889261730526,2.451773556629018,0.9737560364956888
5.238173060661488,268.8611619831002,4.164266376948101,8.06326769199649
5.116664514845053,664.8277223999036,2.514714525650319,2.8715846183853184
3.806070092611468,537.7822266490718,4.64901111528853,1.8446401861253676
5.654915785141691,461.6712384214307,1.600358938042047,5.785543621939453
8.688185374782037,125.20673527128807,3.8481899515184903,115.77431179941576
4.195816912357673,216.66281380588725,4.07452168944377,5.4738835783873165
4.462582341490725,438.5169947630705,1.4702159136099193,2.761856796947886
1.3157103181208574,141.99619369561242,3.4902413119493665,0.9962459561882284
2.5311097511803924,321.0498604799756,4.421644225676126,1.4886674940184392
5.435011596043003,4.025384229337736,4.530811682148778,18.452933197767635
2.3787835401947675,412.20362902901644,2.9028479592126155,1.0836715459527793
4.101513657113563,55.583442157891305,3.4004084171823568,4.931872235988028
2.447131714386334,383.13912670820247,3.479064155478341,0.8032245651474761
5.575486482688888,577.6767532925778,1.195675199772119,3.184308346015
1.4825616817969034,457.2938147508642,1.1468842072896481,0.9542162943467999
8.538292872341877,466.89758006233643,4.352057743170424,58.518286343027185
2.9844154664211775,644.2692887886753,1.1961254509951962,0.9719543045521831
4.169569238553582,124.77387423019596,3.68836198104562,4.993643852271734
6.11089756048654,484.0595326564667,3.3798759452188785,10.921599822847119
7.8730757953358586,124.19348714057567,2.8213513120810627,56.243139222184794
5.7896629244229665,652.035873570204,1.3725051512870783,3.869293190994598
2.992944815965134,257.99859783255187,2.5157574063618404,1.548898847793125
0.6766667782099534,299.1266875737663,3.201884331253942,0.7036800150469193
2.9283271335673957,94.18205235463573,3.778477753979204,1.8906938596132776
2.744185427517334,368.9369133832345,3.098584837014835,1.1567645734942629
6.958294973451716,428.4376214498967,1.437208937745305,12.065936866783211
7.297285197626795,440.28501935498883,4.948757055034331,33.76010473766425
4.83662983209447,482.0579947780416,4.7355666991527325,6.173988491251194
9.862784423441115,201.03111266298234,3.4353784277378905,264.88800804359164
3.1648855849847224,367.77385773211626,4.980097342230205,1.9681430434409621
3.5385334437419003,90.79919628801181,3.250537350666431,3.830766442390094
5.197058001844938,442.3003252477852,2.9700178148740637,5.646437340487199
1.7990723165619127,426.5840304114307,3.8343482700135723,0.949437104332294
9.792576595660703,1.1066420580818415,1.095947190072704,164.23879317376915
6.254607423896532,82.54800674489032,4.392279154280747,23.1491954869906
7.995643512555062,699.2909050750916,2.6561645580974873,16.4221908252445
3.337922569338235,392.2908534424786,3.5500141743522264,1.8729127817574711
0.11297267978029768,140.83099725106314,2.1265068130021545,1.0240860971574797
7.901955028462116,215.44078447072795,3.0267585083840367,53.13115103699791
3.2392383938307012,4.291883704704979,3.7433431545878317,3.2051999102162343
3.413615852300027,507.0776499677083,3.463973371985937,1.7654948399689747
0.2911738181146062,122.9403617665984,2.32205932837204,1.1424331203161986
3.3793685527354302,470.73107015621497,4.664652212694301,1.4445421371161808
7.972543838289249,451.9565544652024,2.925982092481443,22.71771618054032
6.272004877076888,624.4408287529427,3.147870179889458,8.57226182670718
3.351096545343851,548.7923232459772,2.655812261336743,0.9105628716541498
7.425846461655369,584.574015175933,2.197374986557443,15.669700739202277
7.249641543492498,220.85198900568514,3.143541902861548,28.13845043254475
2.0826247019616986,479.84531024250015,4.198141333943202,0.729702934362997
8.880294695182352,247.51687829456566,4.8784531697423725,138.40402477056006
2.804600286538835,21.821215282430405,4.934475075460695,2.8283215469117136
6.265108476152506,589.6840424550968,3.28392656462458,7.758753664213348
3.895662738932587,416.63430692099956,4.458374762008903,1.7696222898919793
7.515402086696134,493.6863288318636,2.2579975935769085,20.17926319635188
0.31628215845655006,289.7086975034955,2.9882177375867585,1.0587706008103819
2.3764224627303756,316.33443072900343,4.8029069990703075,0.9786360290712366
2.161398792646856,211.6228090413579,1.448925089067688,1.0275039879668733
7.849439832374083,544.4532740225559,4.653415384668234,34.49871878253547
4.437740929871402,17.454342240971975,2.930652764587277,6.57524576109026
5.000543084299398,133.14817501665,4.694547071560381,10.103230954196297
7.3244106675594365,366.5395730529062,4.1021328367989645,27.906711593517652
1.4329504794986092,610.2592898069031,4.288554071851774,1.1794857252496738
9.38023846716781,473.70210211652693,1.5308686257954567,71.51508513282286
7.245706322532336,321.5578874298315,3.854709561610526,32.18762292132288
5.223448732185064,2.8769084638872178,4.729349376083313,11.632532338405912
6.870523307332696,416.0013065510434,1.348303566375069,13.031775572832567
4.6687590248276205,32.29783901700357,3.0823108484202675,6.199327860993526
6.589842866774999,218.73656001490485,3.310239337637836,21.62824448951492
3.121428984317991,624.4949090994296,2.283521479384765,1.2567562720213514
1.925456396234585,193.6546770676453,2.2765991620059935,0.7942148285602966
4.4111562275233895,82.35558711631555,1.5972828911988737,3.3249239596787126
2.736368858401507,10.679702243273182,3.491779850710206,2.4849139187358738
5.14060661959464,144.6041657013453,2.401272551696469,7.545045582189803
3.1848491185197303,99.08978015403795,3.8174147845507513,2.3638179874819083
2.8326769600870416,171.3775517038441,1.2849714848809706,1.4284291388840697
6.132628835159771,237.11722477081395,2.7745905533649378,13.210862212169571
1.3007400206470998,329.5149053059867,3.7019837513701916,1.2739014570320404
1.0592691886126726,37.65991300555843,2.7058629808401093,1.1016888807008904
1.789829932501732,417.2849537722254,3.37102489559265,0.9268132887781446
8.36174403802491,489.5558499700232,3.4652613507397265,63.733277278074326
3.124406511510319,572.2093853257819,3.851594738912658,0.996209224276798
6.708702654339359,373.43945022658943,4.894727555596351,25.828008024581735
7.557429355712851,325.9867541302183,1.5271811214958477,28.570296820670954
8.128510177310593,643.7823294775156,2.8731036215204893,29.258088961990783
4.555841707467413,479.1345823637621,3.840863608315393,4.581204577036713
4.653965642343899,162.18594955812236,1.8951778156674406,4.998729398024842
8.610962770558958,431.8594610738525,4.651446442706863,67.03301860918964
3.9207691835875114,489.73023475769975,3.6607224741675837,2.4347169411981078
7.887787063478796,617.682723159587,2.8131322707982878,20.099325793785095
0.302641322118431,332.73405342564683,2.4057632827357076,1.3020080871289934
4.612416837048997,119.56108136162277,4.071766059059365,7.277790040339499
6.044402314326037,89.17580139312719,1.4117288412358158,12.300997047962095
8.17552892225035,557.7304413533725,2.3034789131924467,30.733915809234674
6.494514127889572,554.7016576788029,3.1309822637133253,8.558510696449801
4.008164747844335,289.4093339666925,3.483499355426164,2.9270847114812284
5.479490172790012,681.7242118542065,2.535265835108159,3.7920111856670986
3.4071415817915005,569.740993424072,3.3638807961686994,1.1303760390587272
7.843139766171964,304.74759561604134,4.149307082361007,44.03454475897896
5.445268801907685,165.30802340179545,3.6504490277053474,12.239963214398841
0.7789440258865832,651.6042813534749,3.296753163240796,1.1778556231994495
4.866303064996217,414.51419455746446,2.8516337372475293,5.047552111504307
5.550877012137613,575.4161366198313,1.7046960088025247,4.769724182667788
9.558834463789589,48.72534438059797,1.4349785353394946,138.7980933145643
8.140667199820683,539.9403652094752,2.5156440534415316,24.92218965335792
4.942951473965429,462.11533131478393,1.3621320193294215,4.1068353008025555
8.170335899212713,621.0830756018871,4.61302401885356,32.8400217073382
6.361328200238896,0.1290383186518862,1.5869014162087853,17.85344728594257
1.4921643177400834,371.87907475272027,2.559930640923147,1.1992291212773587
5.7793141489595,136.96663412424303,3.7260671519465847,16.20980519912098
3.165977172533819,399.1934854987461,4.652817060934273,1.9745742211577866
3.0455013303832423,660.3333082472797,2.738908133440948,1.3247503517351626
9.825803035133921,240.98523850144804,1.357149618349283,131.14861342532555
0.08119252409717004,690.4951539434247,2.616789664257668,1.1391760192121856
1.2755569705743475,205.9292640066697,2.476891574295631,1.0085519687345628
5.488851366035604,37.189117823468976,3.8134164977082685,14.491836252380327
8.207532836399691,251.4712413906218,4.44499135858444,93.10633609474097
8.656796368299776,164.6688193246785,3.8088875290800295,115.50252933463572
3.94268323668944,222.68911673308577,2.531158459366341,3.37828593237324
3.8156504508249487,381.58315157779487,3.649950241250101,3.0529170336056386
4.748714129557375,131.75878665443588,2.538380230764379,5.834023259410459
9.244820427916041,587.9738807087008,1.6170691635749002,44.54437292059808
9.97456043010471,469.0462573460073,1.5371097925783022,94.32732264085905
0.717459965377244,10.995459562518572,3.8853569294479096,0.7050465115935998
4.8670133693461635,305.714581031222,4.96087056803035,9.584536746925107
0.8466344428971606,449.57002970694845,2.6634218651101813,0.8345187451417475
4.560286543785219,552.2498971728486,3.417718050787181,2.8478070173349046
4.257041709367072,125.85816396829522,3.0376596577204666,4.584493962198848
5.520500303810195,315.0320371188245,2.4212289221805605,8.3401689333659
1.8579103369095806,423.201280125983,3.3117540031122252,1.1223605818808944
8.468038866736991,165.724977094613,3.0069152197018396,94.63515680326833
4.108378136647079,382.3163822550076,2.467880101009067,2.4552157493088367
9.78233449443169,397.70470439111955,3.819530170219499,159.31481429281848
1.131643696149347,337.07303608370137,3.761989059450123,1.042386992573245
1.4208747990567583,511.9052281117859,4.93431639252158,0.9626963310724679
9.836683776272997,545.2088720768262,2.8597453092619642,132.78433410667674
0.7823460193989262,622.9408348131882,1.3537854029307157,1.0736462427457376
4.724515723486457,519.1802774713624,4.841644187829409,4.793926314627901
0.7808191838915657,443.58136488078566,4.192392962563885,1.0994321903001119
3.124997214454346,36.94199049852557,2.374184684009351,2.5631179636130548
7.785271332471325,328.2081672387148,3.0506524415628635,42.56145030247441
4.6923239211712255,513.6701832120104,2.6840644285951414,2.562631065861504
9.605813024771251,558.7562554048937,2.156833772883062,83.06726631481509
0.3532624017485342,646.0051612432715,3.997701117517675,0.9022964659312256
7.269717140869911,394.59439130358544,1.2456710526138557,17.28342769965563
4.731605319540283,118.35546866805845,1.206479539165493,5.27582995905262
9.903648293894022,566.227045775697,3.497268021920266,138.1522681895752
2.8681565437287224,57.757116770557516,3.022384437229104,1.9822413396467466
8.514452560526342,194.49415785398838,1.530155051225357,67.60337920553985
2.8097193148148882,600.5008688559309,1.0568120402523626,1.2553322416952857
1.1154940429196902,122.22969336131244,3.3670805018832453,1.0361129769232853
1.5113561346497861,312.65721737471796,4.2313627652942944,1.3902524671270593
2.6125258790349735,490.5424108008825,2.9396740550043936,1.0848264468447315
7.993720064117673,603.410099619354,2.371391981365432,17.23878329977935
0.8440146570910234,101.54917625249072,4.735767418793552,1.11300124316568
1.541502985180483,347.16379290024116,4.974342298893567,1.0571737577324167
7.703677891430779,166.5632073765032,2.7607400335669245,56.62470924966514
6.375746664947513,147.59972322307655,3.937444443757326,25.284867876060567
3.450757194632722,449.58276812044414,4.021935725794167,1.843587888558927
1.1599436441453692,117.32027772672804,2.594979210979698,0.8163552645565951
3.0136712995369908,522.3053817732352,4.009711412264682,1.1426623822813804
5.325208323721685,265.8605559055281,3.8224312183281923,8.091332772664593
4.745895807640638,101.60488166890653,4.481110943398903,7.690350335915606
0.11863040095509647,649.0557682373847,2.7952824944855,1.0882867606630915
6.7849340525037505,673.2339059649213,3.7315052436551674,12.27793786411366
0.4101761503043999,642.3984987430673,3.5496966050215986,1.0592007294734471
9.56183655889625,302.2501150320462,4.672168065669117,151.24640456708815
8.583556731983318,234.4771846326312,2.0683512628768788,75.60276063595998
0.9827678840863641,458.0402970978899,2.564615054759639,1.1794947229968478
7.731510153061979,524.3636382315894,3.937253823038633,27.79413158799614
5.88724291104803,136.44797924136085,2.349626412323658,12.827840289347623
6.9027832890462015,125.94165667361675,3.1904502216153734,30.689764213453646
6.728018597399902,582.1826498774168,1.047845644094013,7.111203837383503
0.9769875947582918,72.73509934432569,2.7837688133572462,1.0972420650765788
2.194163257274825,198.30791336541824,1.7723181257856417,0.9818577777088328
0.23700472857037358,64.35889780385295,4.754021870915251,1.0629298665860543
6.566055185643357,584.8213959617711,4.801955836993008,11.235608520452558
6.380828851594785,495.6525740806515,1.4799084391113033,8.069564161425566
8.564408243051602,90.93507724382654,3.6255785156446025,119.24335720284779
8.998972151272433,396.2481630015376,4.86866203501131,102.63573769362434
8.960016303572436,486.9575435592539,2.013342955546636,73.2693095779645
4.669555772876578,655.3274419382209,3.5551220313740894,2.22179545232858
9.22695390844698,193.46849351042053,2.70793359554474,134.89465796184615
9.03391492870295,538.9163564077297,2.2936165111463245,64.79030540271202
1.619660316462166,51.79794202820381,4.108423801135641,0.7872451400600453
3.8279900244318266,232.85831583418695,1.2402345913123667,1.6511068864856733
9.556056992173259,185.26539671831304,2.7622993311106705,128.92622179772945
4.917217864053098,650.0104087626069,3.441207539815737,3.347015973312753
1.7844217006477092,344.4401061229506,1.575490401406054,0.917221278116133
7.68707323307198,152.8705487383634,3.573352667875579,74.53724918833676
9.126092228411265,500.78022242559024,1.413148463811305,51.69277230815792
0.7291950337895992,399.94119189144374,2.0023854010473836,1.0276826954795555
4.458820523229598,627.558675023846,1.5954171017666257,2.005287652487226
6.403352692787918,653.025606471933,3.658423345997447,10.460574837877974
2.664364811152776,490.03863953710794,4.618470173815798,1.4124742566665327
5.746402517237048,360.76810207459295,4.759644292920548,14.179154879898679
4.906794538955347,305.2403672243574,4.376196614735347,8.097551242510917
7.809370369633708,549.7671935638024,3.1605148680760515,29.563535396202532
0.03307360294639072,667.9087421483018,4.27190663754433,1.1167541614249956
4.8206634164753295,397.07071985835466,4.740168750035804,5.416134736184931
3.5891832659721157,477.28501492723564,2.60245919392093,1.393464963672793
6.322725265995844,671.1767208051092,1.362667899291377,4.850871959307428
5.346262965600347,672.6478654000457,1.321827138697552,2.370342115412195
4.5963935375551195,536.5556627733339,3.5911702872252604,3.0035490684813926
1.766183045094868,27.53182781680722,2.536654700658741,1.1044581171185073
1.9100316091530278,487.117595024953,4.585842791401387,1.1432957812855766
6.306170574489428,251.4827850502169,1.339449938691084,12.585124234194748
6.327912691085319,514.7269281195488,1.5597718070655548,9.880915163465781
1.9309271890941704,503.8173243214822,3.371781713917408,0.8287466328799742
4.892325504777396,44.09484159139855,3.1622081888737568,8.093629022992863
3.0773087963226544,373.7580327351964,4.3370011690788886,1.5626049474852741
4.493072775496105,697.0835396013617,1.1481707197214694,0.847445517754329
0.560544530877366,551.4449723415702,1.1712581338139727,0.9875978971235951
1.181871087229115,564.9725940651815,3.669265673253525,0.9817378737425074
4.583703647560609,474.65447641268383,4.497021571891349,5.104146772966443
1.489536295909546,405.54199861802124,4.699263247014089,1.0946217526832167
0.3687766742303755,99.1133305596284,3.615326107116431,0.8463719763506192
4.712196358083104,642.6133530800079,1.1832067740762993,2.1707778317899455
7.012968111692847,91.3764134798619,1.688996035833998,31.725419661953353
0.4995799738662199,215.1361344346214,4.174788418331511,1.0873146555202924
4.561845929266951,119.48257151802262,3.364169957159686,6.0368710500681875
8.178001777639269,74.43184018079765,2.9885739861422,65.48305389999746
7.991752223344783,154.4007669700464,4.2178141237092355,68.35074376162814
4.262114639382295,568.0647208178576,4.928771011171591,3.248653764065052
6.783978372961924,226.96445870817976,4.903413077714693,39.66490522355731
5.75967010452485,96.1305813872286,4.345708369156491,20.73018687196993
7.9310166994655,534.9595176570906,3.37234101216339,29.324296740281458
3.3550372766868684,84.52184268627576,1.5649472104772948,1.7399207076256222
4.151543242339107,487.4070499759103,3.213630919605676,2.5738269293275997
4.386612120542273,647.9728714182232,1.1627955774477385,0.973230963736359
0.9996785067805858,593.1566971729414,3.449766021255584,1.0484751571277173
7.776616376471047,10.941228387794277,2.947869899294454,60.44063599307655
0.06349578553616952,125.58899930339955,1.3565649600845946,0.9300945247197636
6.517557918558308,620.8405993775433,2.6648889688701485,6.367328317080374
8.074118032473379,540.7938959688598,3.7694333233503228,39.20623923151791
2.061602185896624,447.8779926126064,3.0923474565273263,0.9200948740507133
4.1203132450024595,656.6627273126263,3.442151954521941,1.3043051192678528
0.37621211977839186,126.00032688706459,2.9995505396142543,0.5691606680077526
9.502980641128211,439.03415783150876,4.130332121288769,128.94581853169112
3.478535668461462,3.199028897265166,1.9425560293168682,3.3921426571534044
1.1750782271179194,371.1393146496566,1.3827354198372643,1.2491888821821804
3.619013045931686,532.7897674646041,3.1588913055521473,1.4461423442512646
2.1927613365811105,539.2318981776011,3.637308633569142,0.9096681909457329
2.764265839239136,135.60329510923756,4.186451886570973,2.1094989665671164
6.852437544150776,678.0016864690114,2.8976513593648323,7.607121221993795
1.7632381737053082,469.09984458886925,1.1724624053844095,1.0452687849729199
6.448608365967353,199.5451640092792,2.738686569076233,21.135592384347593
3.3429462922229867,563.6075721908786,4.033632083330978,1.5834966562867314
0.43317482653417394,518.291819369194,4.699445382874031,0.9849768885280071
1.758876082155526,549.8444126572136,2.940245584097615,0.9694489374734552
1.1606508546217897,626.5554224305591,3.8856123222357297,0.8683026119865158
5.9270666226567155,228.18062002469887,1.7950055821861848,9.454168134920746
6.768525458751079,227.97947124424772,4.115901115838673,26.76965752732366
3.2613222470717176,68.64489366101357,3.9509914640365675,3.084678771640796
8.698863029476689,262.8726715144187,1.8826510332086595,80.98966764863921
4.709902598343212,339.08540113298255,4.5619553755481554,5.214941867761714
1.4494127196196582,649.5209815100095,2.8199634903091417,1.2239032853439282
3.8733030388865677,95.48323020650544,3.8792848644898807,4.1139077807456825
6.320211169018609,682.8891239224833,1.8088435630765956,5.030781659394545
1.272117646939649,484.54737065781717,1.2386068785370634,0.8879182481278265
1.3650149934820277,596.1559565802961,2.8343156998820254,0.6363639609590588
1.7120131671681682,240.50320576054963,4.545635887836262,1.1326068094541575
6.036359828471252,552.6828755154891,3.551996855520014,9.26426249255324
6.115280904291428,118.95483884725725,4.880543367646802,21.423174905662805
8.550040217466822,60.53203261038136,4.427895054869913,123.89984888127934
4.892133985623646,696.9650361799436,3.3663234851804074,2.459244170310731
8.36989026239238,195.41961483771126,3.920071018579911,65.63203326529921
7.3617885911910586,172.65792394788565,2.309183789320252,31.75215660201288
5.794670300364986,624.2758396956009,3.3670865281299456,6.244547521015613
1.4896970178004143,401.59054941517303,1.020310324960108,0.8118565865246126
9.801840412931456,28.041075869585907,2.8826105217181532,255.2255618732251
7.686063908354664,23.53438808015248,3.124486905167107,46.84089432582675
4.792693392166235,558.6122601304759,4.285165283024288,4.092583410527945
4.524413682169097,168.3580447596614,3.233947865756711,5.585949529873521
0.12422991493045044,512.2503987299848,4.799735582411483,0.7577302276141735
1.327120017886585,207.05329974996798,3.590560793845405,1.1747109031685756
0.9072950494237364,335.84806597474903,2.2193464088977226,0.8898112634802926
7.033044879085036,600.5454778616619,3.9891467864412102,13.568883445560669
0.24413473728453927,318.38855836266606,4.087340031225201,1.0300853795846414
8.741990380222713,283.7522605766506,4.159434851156229,118.15200770522868
3.7042046060272273,325.0070511753219,3.5336092114854942,2.238337606758255
8.603826509960369,49.48901436787458,4.5737377611026355,132.50323423761253
3.3290613838225847,22.89992278525963,2.7036090121533873,2.8643518590315042
2.6978938056569524,662.2668454703008,3.169740425802152,1.1039658410894717
7.94478753262359,551.3842908983352,1.3238361662761928,22.16597881052922
8.808472479559084,515.0325495941213,1.2192467008452557,39.796789271697484
9.45322229787738,472.2570766120654,4.5519116238225275,107.79225768950172
1.1096654372628767,255.9136012624726,3.4765338015816907,1.0129215824569562
3.655711439731195,122.68718223065773,3.2351618321202293,2.735493617125369
0.670059141573176,496.53599516677,1.8188503723861515,0.5617974274758089
9.812516222516424,167.04289375054597,1.4542307153057572,172.95629233453587
4.784934650166337,657.4035527303367,3.3204775414207988,2.790677891709796
9.591037310871751,146.85578292028188,3.9800668585564463,138.6076494504061
2.254372262989268,246.89816853816154,2.069431409346043,0.8485403942935094
6.802267389217699,194.0017337957173,1.2534767202381425,20.395089568981504
3.452265817851621,340.35883360367313,3.1067303964364474,2.658793463576876
1.2270943425717828,496.87770211944826,3.7132331676894132,1.0031190561513113
5.328554652590394,204.58504718828843,3.4838050713582587,8.627103431845375
7.999038671948497,661.7557256315362,4.235183506550921,24.72676434016438
9.408758870000417,45.93931385761125,4.567612853168814,277.5749889522294
4.578741199322697,56.11928234605299,4.591783439481611,7.244106152645965
2.8837268768442046,669.6388509412342,1.437459682368225,0.880121199002462
2.7594273620862197,487.95747759616245,2.9853149399309773,0.9275884716726951
8.749931395370972,364.48134754950803,3.509104788979598,69.65936699807249
2.9316944194239856,678.7022238797125,3.1657398322737653,1.0184005473992193
1.3202736879814347,242.6901727474554,2.7754402082475793,1.2437017687704341
6.446844415477089,204.06175801413104,1.2517980343710366,15.08045446725301
8.717937007694625,162.62964445697708,4.78979484795393,122.37719794776423
6.446720312228602,288.18421069602084,2.3711699144768863,14.989790544793395
6.460512264581349,228.41448962914848,3.3734290202216903,15.470667360725828
6.9686358071987495,589.3355092698939,2.7810252147319043,14.528883731097196
3.040823382679496,92.36797637341427,4.157393047407121,2.4780567416310464
1.7173712543597597,182.0052203442704,2.9369724503726453,0.9729280129614062
9.707240483771733,538.8248159874945,1.1892757459979753,108.84228833495091
3.5312089535878624,319.14857603125046,1.6654522901365225,1.8211736824529245
9.241316404997548,498.26852064372355,2.1409863287890105,62.55547071956573
9.732060892534207,587.5321738099889,3.7714370758745415,94.74862479488793
6.663559659902548,107.43936011849561,1.9516212975060143,25.409865375553622
0.41151456488467963,221.638086454329,1.505894048240442,1.0169905615806647
2.604071972494731,129.14760815805755,3.2499489696959967,1.2261190148064425
0.34689088654169975,221.86063516598784,2.3753880604488913,1.1378843401862806
3.729149360092662,377.90661739428316,1.6503904322875425,1.622225535677521
3.015597695223243,644.303783159313,2.6182493248900447,1.280994666432632
4.9941691583781065,101.76872062275059,2.8321629443112397,9.244095930210756
3.202179309431706,3.006014072188068,3.95397992569642,2.8177019327358233
9.756010361567812,231.89645225607427,3.82180542634597,250.58085328288013
4.739106736777533,202.87902786376986,4.7760381029296415,7.710816264880371
9.806897788797746,401.6093080254004,1.5883338987700988,129.92850754143407
5.652315149347765,634.8165515482758,2.768422136863602,4.786166092196377
6.891469814800889,512.1483648962294,4.600697876217392,16.72344425721145
1.3942329345649729,385.6719932095205,2.2323288030861494,0.9034675251523807
4.016299219244867,588.6138413418483,2.783890764635609,1.918504234660344
0.9248113130306057,38.52354530770956,3.5652506111606876,0.9497837001840189
5.834314415338176,155.50069992913564,4.742660306903574,16.248777039321627
2.7792716917183746,15.784052450304308,3.1536491766408496,1.7012060842949022
4.454580819387985,470.0904434199377,1.3495077483606188,2.491804719166355
5.117875217975945,136.1150275418591,2.2710312486640176,9.926897020463311
6.050778218474674,660.3815148713687,4.633787800871324,5.845143163287362
3.610648691472261,103.56215686481175,4.415216279853596,3.8084868083410996
3.6962996710920795,260.9818056861576,2.138601462391621,2.8269358141075265
3.5135503342811267,684.2665397517623,4.497206943065912,1.0629720343563145
0.8759863090288,509.49734986918725,2.776881448672046,1.0678557694374602
9.925971658200753,562.5798531603295,2.154536073320816,81.37686166038195
8.05672785103326,679.2524712414036,2.69532879378216,21.150221409611795
8.964288265570534,97.69738081736911,3.348720270333758,131.5914721785553
0.8607797431677044,145.4486534913018,2.8984525200242524,1.1478594993519795
8.675258198775428,690.6468431263545,1.2644631246671971,26.49484947641599
9.60095298220805,529.2798374819806,1.3537931146210092,100.57873706073173
4.094606387526243,640.0873474130794,2.6580560557512345,1.590129072047326
5.558138449648019,497.1729047413276,4.020974991168741,7.67104718942357
1.3692703991575206,130.20449267773782,2.527078130527233,1.0291576452366005
5.5386692651052485,29.563040107186467,4.3049932212231425,14.689105916421942
8.345852016300578,212.74006549917414,3.2371242266850477,78.62249415580966
4.634518342056887,18.788010283214472,1.0097866998321998,4.662009945024581
2.6267702356107083,669.218617293154,4.336972285406614,1.0252691464404422
4.725411692572901,457.66908054157653,4.57074610256222,5.751737139719237
4.171567721618138,344.320552310014,3.751372743987615,3.0933387069337717
2.447502615186764,83.54826446848249,2.1088681367948716,1.4452508689750738
9.943329540686706,46.70737847107591,3.982262294344887,370.1530154226639
5.810657700932466,395.9022127482888,4.4733836727712015,11.173825030867915
6.279960474812451,333.2284993080878,3.7769803946697946,10.950283387051629
1.1958368400634978,358.7681085845089,3.301054746435436,0.9088267019358351
8.452800680662481,113.99306287734316,1.234041575972352,77.24885532727883
3.1968111143293942,614.8220850922028,1.5419895755465465,0.9965697906551677
1.6330885181492805,190.86924756180053,2.67805602062485,0.8501046651557633
9.12104621195468,249.1890261627765,2.1594247904915838,94.58496755862049
5.296123298924157,655.4219138158759,3.055465972239221,3.819653493109847
7.664424376787986,128.27324819030284,1.3780346095193172,40.99969246269126
7.526285064752095,380.59863467383974,4.489772537833763,37.123124286536715
8.268219966068482,479.47700589831203,2.204289235814183,35.79882695377141
6.8544371946131815,481.8426493835887,1.3833336393362377,11.42096360309376
5.800466414662403,576.3203717813064,1.0515906553551386,3.7152703852766797
5.18170746277405,261.10993657384427,2.9395960990188867,9.250864654524033
3.4031309128483658,637.551584945026,1.409671432312614,0.951651929618299
1.5455491470830807,154.7794512070826,1.753667139861188,1.1825737781238246
8.970567327637614,429.3998515811337,4.325664727464176,114.9369806100396
5.256528246854971,372.4669575600549,3.204451313682344,7.829629407873823
7.563067436410508,79.7767154286979,2.841965434432958,45.38398629452871
0.7640032557074461,573.1913208355196,4.69363901070891,1.0605595135504915
4.795182298735522,218.10142609279964,2.4502742629949443,5.584986369986539
8.170387032772444,622.8084697671771,3.3905945576167436,25.23724370995023
7.635895458617169,239.4315907399729,3.839579531690009,50.27849819312398
0.28759537223430054,570.201875887944,1.8894313910220406,0.8231440313260296
8.568152091968376,99.65153546357907,1.9062977226802205,95.7224942087014
1.2534418113411216,91.15277667922297,1.3144198484660703,0.930307405405241
6.908181366549706,548.8208061322982,1.310941190087986,10.888368517997915
7.746923080403722,530.1338240643831,1.1700677632198033,20.068094566188556
1.0781738186473178,555.138627155514,3.053916770016437,0.9611642539443884
0.5926523707123355,83.24555259921034,2.0120498848939388,1.0880040702212912
0.6624736116562635,467.31049647324284,4.018201085820901,0.9287644515066213
7.823708141132708,644.0686495695589,1.8216047462106655,18.73207732511575
9.011748671533496,129.34727720484472,2.406134665884349,92.80675965548005
0.9077931303945908,592.1030657167628,4.767379918020238,1.0189569369319618
9.487916050832819,243.48557924138223,1.642229344103875,156.26315599937953
5.006344153046767,509.9878626247458,1.9672900886806612,3.0026090895737356
5.7023535719765,69.37397922359817,3.312534712649704,13.04044771208501
0.1398431158690705,151.89865306815608,1.7661900807697712,1.0770861774488372
2.8185679146478657,631.1622040555812,3.1485059560635364,1.0269372672909396
9.735799038808745,69.08000295581272,1.8560615456246485,197.33768486199295
5.0419527181459065,495.4292635046009,2.465852102581647,4.382211676379319
5.893805711353255,307.7660804351269,4.8309909435309315,16.044590996953644
1.8084853764431286,248.37564145707174,2.518460226776953,1.1664549762934335
2.142740004826411,159.2879487969322,1.4513819146576354,1.061472798539277
9.846127503684183,86.53078173198686,1.4412646448531024,176.50878341632804
1.3591236990553146,533.5915755694755,3.8189236607632413,1.1008860551804096
5.57132122830574,28.425994199317394,2.3124616293225526,15.249018750169196
1.1572260696277847,198.52800980107511,3.401558033709956,0.980104938042614
3.1200691079383,683.3253330645198,2.7758234806619115,0.8538206042994038
5.539158911055492,203.41252751256243,4.421462667821695,14.82844430385767
1.8878498566727153,48.726409869851494,4.364233100486887,1.1958050803463554
4.75676796876505,475.3917757958842,1.7171891335483145,2.0689376464886786
9.987233256858506,344.15386148144927,1.4206875382772015,157.72404455246456
4.380583504040716,460.9837842998137,1.3400236403709007,2.083283109851063
1.433675616593022,280.4370014855711,3.3622289293280496,0.9864200076543759
1.0172215656513084,647.7032208792816,4.911413316986657,1.0497970495853521
0.6471041115902354,682.6452459347283,2.3545265853483524,1.0285749519668599
5.949608299436382,693.4629230424935,1.4910486707946546,3.892339795404812
8.381091313414588,507.6403502328476,2.1140733291154206,35.35314379216583
7.134938073603224,407.34303679730726,2.0918911622852963,21.13598110142006
7.894927322937862,450.6818246860619,2.6009421156673818,31.94412547036429
4.758262832960263,422.215802707502,2.617774396762943,4.457803572378915
4.845328592614421,195.2234432336827,4.071998222310386,8.303929078117221
1.0803666801892264,175.482902247749,2.989095128501111,0.8596841946933107
6.283710296631083,94.22586650257153,1.3984135609209045,17.710389474786584
0.5285242073470697,47.76007122318765,3.7124297626837754,0.9196054832328928
9.720725504986621,267.8430879355128,3.716817448346492,215.0910812908888
1.5273665117288082,435.37673306660975,1.3853345143846107,1.055093097010201
0.7651725903958528,526.1268225607591,4.070288434391841,1.2757275515192683
7.9273141522721815,141.35222811619968,3.6483729332059336,63.05704591489568
4.902503602563943,183.16569164176786,2.374462598844814,5.9257508953401565
8.596723119953944,382.63402366913306,4.810321979640868,83.5208965740014
0.31598523189958594,301.2844839400646,4.659756634209576,0.9545230325748587
3.8362987674858804,220.19143847385044,2.5053462518023295,3.24972057346374
4.596562388239884,23.001857279303806,3.2266662019315664,5.316728303441627
8.603607027186637,212.13120012946544,3.8242368150992463,81.88500980936415
4.914796086451494,94.1417695486677,3.862892758520856,7.408596135305069
4.874549266994829,76.56739501803106,3.7000983205602678,9.787874209464315
6.600785892738692,479.7619169769784,3.288840933734726,17.789222909211244
4.759110552240565,598.0460286842113,3.0267401950281,2.7641315951252383
3.9138481962227054,346.2837913165359,4.883483033710649,3.4179949288983322
6.1693967637783125,246.93463918961237,4.911131777895616,19.849878333306442
3.2048278347718693,19.7028906146019,1.1804738082944768,2.2034386950134817
8.369341519952572,244.21375145530246,3.968228536366432,69.33643653840609
0.26899842658594353,623.9400233150056,2.365026097910803,1.0357553474102177
0.9735004922858015,241.60011928053098,2.429464322684097,1.1462796444673644
3.5126926046944584,462.86800407588646,1.9904557238406562,1.5051904669195129
6.480828248865866,414.77216675474654,4.641556074857451,18.33765413420013
0.6550023607119881,213.43871936298834,2.350377028279878,1.1501569138850711
0.19711990195637963,228.28178648773078,2.843637545638316,0.5945151560501145
8.633685217982011,397.6345834160735,4.605639380847592,89.84909791117859
2.6661888525189656,487.17093340150956,3.3519569343994986,0.9018886475308865
9.857647815087015,264.41631540095415,2.5612031615502047,129.4162092189205
5.725386448035065,565.8285978574382,1.400226732816218,4.878710987298433
6.751112953268611,235.17722373986223,3.0110740903454176,27.9857689580586
7.649039005293514,237.67759737848527,3.4593114942169456,45.06914404628388
3.633343053566497,305.19379259073014,2.987806845767623,2.739150892394656
8.473340941526535,551.0047260874869,4.361521954844424,62.74929643582071
5.358340234613426,201.14889134175004,1.1901254444515783,8.02623407325152
9.96227693360453,281.419146531985,1.9035439081362568,207.95722969346932
7.42888025626101,64.37048466797755,4.376747536009349,61.99612570893356
0.9473361515897993,235.78664281484077,1.2690791060456124,1.011315045835239
8.011856714715336,332.6878569943765,1.838956634620323,29.870461213012923
7.956517493476092,456.0757694886421,2.207388058443055,30.927911744939998
8.04126711934127,303.03733918383483,3.1597903166220473,45.76268790569384
2.000769854658413,281.61066901598383,3.4998555038979418,1.325641407624672
4.532286053267139,534.4095504529307,1.722403403547304,2.2301990098699696
0.18603322117357934,492.3321519893175,4.450839227036802,1.018480721017673
5.768432952404292,149.06696351292987,4.8484682984324685,18.26839009392804
7.422080109872146,327.10671937134236,4.748651702342222,40.81349022823794
5.327193350265434,430.0956085096467,4.07647666057455,9.084242531997296
4.337244848507339,396.2815099107514,3.5070338863099115,3.265533664919786
5.222695857334735,254.9922684113732,1.5909747552983147,6.30849063285082
1.5047265400315457,479.714645712607,2.2011026991642115,0.8886294121452928
4.35388784186991,223.0572261074942,4.320857522223526,4.309180485221416
0.6442752952819675,142.4906290484733,2.6497535189072714,0.9082346363642072
8.23710704498325,452.2298575372175,2.0257865395204693,37.87464865954627
6.012322696755068,284.1061574737608,1.454234306513138,9.236622162471722
1.9191601148027304,171.91062687286234,4.308915296511071,0.9532600051114444
4.641597009106155,391.8775073729841,2.7445316440468766,3.157253543410378
6.469220512036653,25.902614305863903,1.6374339542601097,19.385598125261755
1.3643062881486012,180.87779322839438,4.214152731829047,0.7742919438953497
6.586707126401819,123.18965532634907,4.4100840700337995,32.45438733397118
9.637868905251771,340.08937588008956,1.079634966114976,104.31626920254409
8.595840029158106,58.75067874590556,3.4063989608877647,86.48151251239875
8.67171779748661,630.4024194818878,2.628027406238712,34.234213742742114
3.6343424522632404,460.2014222741391,1.3612251698045443,1.2052032466285354
9.431621420369332,506.96411721352627,1.5622406076205118,74.24477963416523
1.1193236388991301,514.1362849635926,4.7317417895985425,1.2010675669034716
5.219575588719333,580.2871078721718,4.798698001358385,3.709504662081712
9.315556252394627,176.26564091083233,4.538259449310564,186.5397404242659
2.3807685524092106,85.59378341759451,4.226748982471536,1.5751450253180899
3.2928591096650184,409.0283544068444,2.5598026754212855,1.6255176448359698
7.4837422925203265,165.15665542222604,2.6914759939315434,41.65624990059108
1.442779087037892,122.60797880497606,4.879693903760533,0.8872046002391771
4.394754127292003,178.01414433143995,3.357923777578038,4.913816582345953
4.903585801532117,262.29348920086323,4.794843557863276,6.9362502947172935
3.1648994643796255,296.64692157803387,3.730953790138563,2.270091306215889
9.633153399656248,615.6034786179011,4.747889165428624,98.7054784246985
3.629980122687054,500.9698603854887,4.2854614647677955,2.533595850873806
0.2107421044556479,676.7636115376696,3.423258931482119,0.9909008779278069
8.414729665178784,463.55640410824805,4.763393105705748,55.97911329173697
6.906824552823401,552.1618974962756,1.9587033168370391,9.164438520554798
5.527279033116267,216.48795118379843,4.833934447187685,9.50260375796271
3.628550984200618,568.5752092277544,1.4882150749835574,0.8157181831897296
8.669529351322494,600.3529974049476,2.553884059425178,40.48915019073198
9.097890999968943,275.0828977618752,4.9119714176036915,154.37513159682723
2.555336900121581,63.17522939611728,4.29083090295398,1.4379465512903336
2.354604549513973,147.27054388516922,4.560986911065198,1.7383437609049173
9.158908012423355,441.9468918593901,4.517868990071051,98.79030859757704
7.6674090060911695,284.4021711686416,1.1355267248760614,29.748086338646278
8.664445883042704,576.2384462775266,4.7619816807416635,70.28602963017521
4.710912833880034,289.07292297890814,4.364653865478104,7.121137636169461
7.173860179064125,613.7328590674872,4.280965241801606,16.302064017909082
8.244008657361816,488.93753128259664,3.0253380556812055,36.09235036225138
3.518563465838919,421.4811594073631,4.253712193600169,1.4571553101072996
7.377855206040169,317.2832271951964,1.109403573333485,20.056852936094597
0.5209882290194023,449.1147579894791,3.5206253660739946,0.9683304641758459
7.910193178139537,95.26455627495837,2.6026473999045883,49.70484324206362
6.282962732430364,219.60526185532316,1.3289282056936083,12.514862460770688
1.5782243944409158,361.4561237357166,4.878658347356538,1.0115277824438151
8.306213814704162,534.213892303892,4.387841719210629,45.5445213038328
6.857533783489183,554.8496064364369,2.2775965169516175,10.860313595742467
4.783654799573558,514.6204761673276,2.0427195183479494,3.111825394122881
6.874668716864319,578.7380265392832,4.198114671760718,16.159466905371573
1.9866371962725327,290.1474971869565,1.7275570152251176,0.8364401383835731
8.763900129297378,661.330008389617,4.53736572177382,54.45554962275297
2.2448713347863123,663.676452011459,4.692449407533704,0.9852117801573608
6.471066893041368,438.6391502625873,4.627379122047918,16.913762714555958
9.741275717498725,138.78634187019026,3.8050446168133876,260.11901741860214
1.6875595636504115,280.7244377777191,2.7156134724734047,1.0349824196895252
2.6015777997114653,62.342887152902804,2.471680616442051,1.7116031874344835
9.472435084524966,82.14536316603743,3.8743336953472403,220.12830934106069
4.351587353151985,643.9923342302397,2.8148314603345823,1.605854900921837
6.736100427370446,82.95864430918363,3.8542548478587078,33.26517764108273
1.9054416526893014,603.3557070001117,4.128487773722495,0.8284410689019007
2.8796197285088168,345.91771041938256,1.5207973251136715,1.0487245109946302
8.563377276555146,420.05795054805736,4.980829799893167,77.45256417106707
2.8296724503269832,474.03205582912426,2.6733239644876083,0.968782471409119
4.085241019164289,102.15999648080155,2.160771846059804,3.7177406582277763
2.61799463894111,432.37616804006456,4.629312939891754,0.84848966986076
3.696377395309737,478.9869602997965,2.8326564456742607,1.622566494280872
0.10320242262494617,93.24345521636624,2.292983918619131,1.0139267351711672
6.930235579427682,480.796714488807,3.8533437962381676,19.668795222721936
7.084531666583638,515.2728737744477,2.0249023757295492,12.59021079432247
0.9527942208200668,41.12661955117305,2.33145016226365,1.189856176129705
2.348414396564097,635.7585761547921,4.986957746934129,0.8700737727678249
9.393219401746357,677.0468910155739,3.392928263830124,64.43961657567894
7.4824184037635435,31.85831013137611,2.014627531306207,44.91657028378112
6.196578769455677,211.75514894922603,2.578787257410944,13.778138859302425
3.7090121308146595,677.6404673200708,3.2382415545321996,1.3515911028037937
5.80486909891458,182.20415650983557,3.0149868873608057,10.642994281758842
9.30326941156214,614.5277263794794,1.527678134728908,54.77953268660137
3.1731738679301413,371.29666062482266,1.5671829360844494,1.4044395835129024
1.1684205616466403,30.913513041746732,1.5114859789374653,0.8994069686385032
8.716795591516158,584.3628264717792,3.9912934708771766,62.922302931387364
9.262370424724073,198.04785573448885,4.507745542026054,164.59368009608002
6.12931570631185,533.0947432570294,2.0550317620328866,7.709288061227095
3.130103158636045,624.8702668807556,2.26217167785374,1.0390482758156832
9.945650658851473,534.5727895575426,1.6050589846275658,93.4951410745853
8.530336612675548,460.1936343733708,4.192880733012843,71.41129628966604
0.5322218827098568,104.03456492868818,1.9194421822768843,1.119023308082832
0.35862248169239774,182.1567745096122,3.823851450298215,0.737720204014273
4.364298665227296,696.6412203507323,4.70882536455723,2.2623405306143374
0.40791708540317995,249.5640813721195,3.836116569067672,0.7506262017946489
4.8519951446175345,345.09198500770043,4.383353403799651,7.315748617460671
8.668793003861136,86.5579638236985,1.3743115128199368,93.39511518191297
8.681731096216772,126.45847487798002,1.673180006442566,68.12596943655835
5.087377639306467,190.95408763194953,4.563578088973095,9.031419917989526
5.85677401813836,408.48317368777975,4.886509418610505,10.05881810326046
5.260154065999957,399.55146779416646,2.665675965559876,5.787896688068398
0.7683546279488074,537.7773988893445,3.7076340643854504,0.9537948573721389
8.873676980186833,18.173518024361634,3.7252493793169994,163.99844068408694
6.80639409437708,275.91886193670933,3.3613539913042914,28.611881461690665
9.51219850078746,585.8840460067752,1.6151018747351915,74.59670478523228
0.8106323674494897,581.4894579007823,3.6381572926001278,0.9156747960132547
4.540555151429528,668.6410716811039,3.376817037403771,1.9433585958916448
0.05805360745094079,678.8393596611388,3.6246910280694022,0.7474842711668575
9.508959684752076,227.44082781071123,3.926180869335565,158.90320859265043
7.3431955953596795,670.1819453978793,3.2766337433254775,15.701422377717067
2.1136686103998747,34.07757402278908,3.5745761180804374,1.61958977425491
3.2317084668686213,38.87451679006211,1.282896356199867,1.5579305230202751
9.519001886419321,266.973650938166,2.5954339878309933,128.76560654904335
1.7801080077946274,675.5345168681014,4.462062042919316,0.9960391364561609
0.8918830767655395,596.6420832705193,1.651762735501018,1.042024173822941
7.794925451457219,199.45512229962347,4.010234265161527,50.88705078905669
6.540642988244791,84.4213888718386,2.96338039043845,25.748303460066225
4.323584194175099,564.447237142845,2.2404052288453062,1.8691988886228383
6.849619418644428,91.90066793062522,3.662081184867367,32.83281509259085
8.320528743226589,358.85725796155543,2.9584921433163407,60.82107654706774
8.854130386418813,333.5077806408374,3.252228307734154,88.87107389920125
4.23070580439436,529.5434504432636,4.243977438456893,2.595472828915784
6.138677834447908,303.87414575726075,2.7040683952852325,12.831675033807791
0.4043808961914075,239.2213931775857,2.854099502457381,0.9867455561191997
2.2423021232791696,480.3655751015606,1.6202788034280422,0.9444983455176807
4.953222537583017,440.69170693351157,3.098711135505739,4.586494402662591
2.9070302447839946,306.1488632517173,4.628830844209929,2.2419095034691523
4.7761136517221665,104.02457705833288,1.511158993372736,5.869220246426546
9.029036186665941,589.076567992996,3.0923682280698954,53.68683491387404
2.9548163390558724,33.40979207825679,1.3061300789505843,1.762058952592865
0.450949036584386,75.34252000939922,2.6996540848320545,0.9499270765365985
0.9448436248791581,462.59867775601884,3.2739128414638268,1.1759686956379962
2.533803310651901,178.4021430454963,1.3270782461359132,1.0594959955304146
5.0344456744394215,79.75484369964383,3.6463132936620397,9.31232820807038
1.79552195863255,127.54569418755821,2.5718293501513814,1.0671575388715415
0.8329056513496902,613.7287429948523,2.1905900631530986,0.7643685771897251
5.87208388180246,318.49870406201467,3.6810394659622876,10.17306762621995
6.238103941666637,185.55207281510576,4.866878507081029,18.328367884769733
8.713448182493895,131.03421366026888,1.7403495633071815,85.6525457347079
7.470293192728325,422.83701137842513,4.486463179391883,43.0790272547049
1.0633065874724767,374.063202087139,1.023388278333361,1.3346950219288949
1.1667826036590778,120.21474584237247,2.9084794956494275,1.0957076652161135
6.9180622998693275,608.1463646918681,4.863215230233873,16.71648877832949
6.018874401294544,340.70574575632793,3.4739974979499717,9.262337493706479
9.73921892171687,252.51014816361365,3.6952125717145683,182.06744440177388
6.9029335435556085,276.49806636011976,2.2106266345869043,18.786942326730944
1.2508948993022695,9.713142615269554,1.447650009869582,0.9068728602623326
0.15885246515515705,679.3642545622197,4.436048121059397,0.9747784272122816
2.092294803344994,454.0362551928157,3.598959304147369,0.929186413345431
4.35788473800493,438.24140579054165,4.160046146469788,2.586805012071551
1.9091445271740515,210.64250870648618,2.8537022217561496,1.1121865384176302
4.739890875062288,15.271779757150805,1.6644219727043907,5.051931402457525
1.5242223992035664,491.81867399577914,4.855467482955659,1.0358870296166725
4.714891986521167,601.8575118084356,3.3409050775357976,3.698125696049548
2.013384200247481,398.6013232217396,4.335354131213826,0.8620923112620364
0.5092218021936756,5.51199668544875,3.521639521349356,0.6204568715880505
7.130928146227296,685.6408565564462,4.394465044012762,12.407060401259756
7.3707831337050544,417.08768540438246,3.217218100995611,31.680154233892416
2.907745319382639,341.2475591881294,2.9444038424895917,1.7557612013895245
5.9103927556137865,428.04670523626106,3.7146716685614924,8.465247823952302
8.166892369660303,341.5310469443652,3.8571613151045048,63.63737696984416
5.283088089452658,295.40318327756484,2.263400600947609,6.319583793767471
0.6351056894547391,625.0140372947618,2.6685498323780474,0.9841077468543796
4.733379715453143,346.3521602443433,4.755857904141539,8.51228755374532
3.4676411336902815,488.26010827244073,1.0832276988426872,0.8321015173792847
2.880107814536179,134.54090825072154,2.3753895592126453,1.7016944089582193
2.321031131419237,153.79164152861455,4.636280616670074,1.6037949773247768
3.3915299863916326,421.47009296281374,4.369868538236593,2.3252482422170444
6.569581364726073,91.81099696622323,2.173576167911142,21.841122186394884
7.113851859448196,671.8623577937689,4.3323229831813865,14.0377888367266
6.731072936393334,514.2092425538517,4.183890654812004,15.235078026603592
7.997550589661422,591.1718987928184,3.4873695137264904,30.101846550567572
2.8245721526963665,524.4780112827891,3.66822580942183,0.9485211586753884
1.2909655402072595,139.63895596131582,3.422996029024891,1.0932357834784077
1.0090372557552496,291.1890533576778,4.975068941525372,0.9445584495934549
3.036518933975615,146.60305894748387,1.1881973445195322,1.521666536068441
0.18130595675012073,616.6342748892724,2.4281754993476823,0.9956105779472533
1.586054651045411,579.5640818895636,4.577829882606235,1.168907537615825
0.31970007768389097,44.56591037224472,2.7224818502059365,0.992290941461727
6.175629215440917,84.48162297447777,1.8963825549592164,11.544071572662029
2.5782214100407677,238.22694979175967,2.420963906329092,1.3867619173234411
0.46676358357778835,614.3995530151997,2.069964942226341,0.8641401548706071
1.511783737943183,483.0949076383335,3.061549770959898,0.901935049202677
6.6948589015112825,494.4834421224551,4.706528393813006,16.065182460554112
4.378267064615107,319.99494786450987,4.366387896411548,5.724521282545205
1.109308449526113,74.12430157629157,3.4422901752488566,0.6796488679031956
7.821562577663913,663.1684457608135,4.294440912081983,33.140177010707276
0.41969437206579197,73.78775862554018,3.5197044646161597,1.1584085213599078
8.708694741531179,637.6900393750287,1.6281301894292017,31.157218033655866
2.921229877186071,309.0625370545333,3.0235864668605026,1.4498299895509186
7.325518941170924,69.50596725945927,3.588371883742121,48.49365349428697
3.3460752531260827,96.4407249248655,4.3943803668585515,3.4260721287916684
4.391084609153618,291.024887103241,4.0761326553400625,5.298787526866234
2.453160646171373,566.4016509917701,2.36528027912254,1.0833406699005173
5.050227282290294,59.66370318987171,2.4897454296111983,8.335122146351905
7.548452125117824,252.45038450217453,3.6599810196593783,41.92737346189946
1.5161121452753434,527.4550197329759,2.6868888374333304,0.9773090074519732
2.2818200393016874,561.2380750490427,2.653637674987914,0.9707637579470978
4.093093193923329,321.12714474118036,4.409561917667249,4.5735117097809495
7.9460734637229615,253.24205875857305,1.1190517080598679,40.158131834435956
1.4558430589848648,6.964099424615544,4.224987462680003,0.558941704800358
9.436428403078107,59.34475017199321,2.259218287517156,181.78850559839572
9.819449243871318,115.02727720030092,1.245873313941546,171.83587977706014
7.591923850558231,462.1233205926656,3.56586301776624,30.32952123938527
9.02511131573895,40.46688068220824,3.5264302486195285,145.74953797544973
7.133695170214084,462.25314224563033,3.079113452811871,24.10025052142516
2.9572442486364614,281.40197262203685,3.723482629680347,1.9774136786314132
5.536104282255945,213.0261160812208,3.9707900081186063,10.446659811179345
9.092308532011312,5.531563452649769,2.1191229790511286,143.33343113908217
5.277917356073934,644.3154141515737,3.801180255530419,3.3104301314220494
4.461890507033418,143.59349996824434,3.177701164017906,4.3665710843811905
7.883415789767165,456.4259611778011,3.7898838622942748,35.204627288184675
8.876748965071966,547.0941651920222,2.618022822600613,59.4907546691966
1.9729575426112622,211.07198863474017,1.1478806894252744,1.142968756806413
3.344929247349019,507.5690776349334,3.96020888924228,1.6448436789561638
1.260056459938712,694.3467786800351,2.1357114378730806,1.1087643680271995
0.9281956785672607,386.25009595287355,3.0853434604617616,1.0774267430672437
7.570463242805414,112.01913816031228,1.1115649011826316,30.972219595084333
7.965986992413747,414.75252122493924,1.9653591165610842,35.832732566507325
7.741577871437526,508.5564724797168,4.947818800964194,40.662338905942256
1.1044190624345962,41.96201703778208,2.4919154721425905,1.1131436994720363
6.269895323179615,248.13134213290448,1.1909314917492848,13.908433025921086
6.509624193708824,87.32486377742748,2.191844450605967,23.03715665361675
7.368586957843109,317.20301238660664,4.931802250030557,42.7243301444444
8.053875621092175,692.3000552290355,3.2623889063193534,23.811863525834635
8.943388978953616,439.4210462709097,3.133154626026623,76.11321900774657
5.955489146250329,245.2359945285404,2.1381419797814596,9.916410184803267
7.847892628243508,500.3981277416349,3.6897352081528747,33.11818762066301
7.143509788637289,363.7666532118516,1.9905333252318775,18.64948922760408
