rainfall_intensity,duration,elevation,river_proximity,radius_km
319.71339922894185,4.201806877408045,2112.778524506633,22.321073814882276,11.108243347325159
368.2356070820062,113.6855138870491,7975.705893196031,8.693883262941615,25.364349777139736
210.9609098426352,5.005932865595818,1577.0607606342319,50.53552881033624,8.910380154015686
13.267984841931813,33.40472531535695,5673.90215890547,54.49414806032167,3.857831624622812
110.22031102034835,98.99663489115267,7189.589338439353,0.6498759678061017,15.789614826667489
402.90962591640397,117.28741835802211,2732.3799069209226,15.547949981178155,57.63188277779688
478.6065361033906,56.547883578921294,381.08551211140514,9.6716376833464,72.06890102604255
423.74718317372987,101.4259732696377,7167.718596106612,72.9731786693818,23.1787202043447
268.11404572735034,163.48344834853427,3096.076583479358,55.2040631273227,40.35919339633573
414.7023321264974,103.91131839719334,7686.215552952383,57.735214525676206,22.59261068811127
352.2859181074617,7.698496454151252,1665.0336186896952,28.938796360210716,13.744757642861492
39.895988461813744,39.10886890865307,459.51357939242655,27.79736031100921,11.69525162772538
317.8422221322001,61.291806066974154,3016.7191876103852,20.95070307714877,37.41528045969648
133.48891102455667,157.35797073569898,5656.336159842639,60.913100566698816,14.774686175406682
85.56932409904849,122.49330205565866,1052.3236907383198,37.94554417576478,21.582391905678058
494.76167531829765,107.5199596554876,4791.022565859139,68.46142509898746,32.35162270836508
421.4259600949048,130.36798513976913,1675.9566836589916,3.210024390403776,64.79717274059593
157.72652402954097,44.98046716391806,1504.3370140701013,94.29097143350545,15.69638834934561
438.1838132363344,52.86588397414429,5726.667320301361,39.56319010606643,21.447900857845106
457.27379487027173,77.087111234683,2016.3615817314985,24.662750769398343,41.582568362277996
280.6840670815754,44.140590231853125,5053.566907123635,89.78228836024769,16.80781914850296
199.70025257019864,36.8458875384236,8976.607261703548,50.95262936764645,6.221738122137114
45.45470608689695,7.915551071355408,541.666738331262,62.744604170309,4.827218781774769
396.0396821814821,70.92287442234692,103.5132084435927,38.16192865065368,40.62124579463827
498.0606901200484,88.89120997665502,8725.244587329373,86.07797022344981,11.96158077548035
5.740510971409818,121.0812656525127,5976.24850575246,53.69703304087952,3.832842999603016
133.41259497627138,107.68158216140776,559.7456491608261,43.4765250669105,28.446122154261726
226.86185316460322,160.24107582354145,7820.602933592843,26.338905075109075,24.001794509165105
250.29305652514915,30.01351592906207,8169.964473775795,87.05185698367669,5.621174189344475
149.22239572431644,107.34351513748886,5285.2170086626365,15.28392685496348,24.289959568844885
381.2554000375756,90.61567706009713,6896.9515469903035,53.035367219517745,20.67742723075854
0.28594806397175265,54.45821757678508,-314.9709473345931,92.9098616264617,1.0642436320996684
439.3609389115921,139.71980893267815,2421.3841913252836,5.792516649418755,73.89032942963945
439.0047996020203,159.08750681006302,313.7077946448484,48.59904633166138,63.001223834950835
34.6062592341918,127.7811637632149,6775.427078416384,12.83914644997628,11.901711273417863
237.64118904936566,92.36700370715057,2018.0379749305616,87.24330410852575,21.867111867703244
211.56897010044347,35.58209851426979,4623.312843404854,72.99310690899762,13.536258726321106
100.57553169484795,52.36833693855035,8953.918888278498,64.98780576394535,3.5094008692666514
219.05004195725203,86.95274129397923,649.5398607485242,22.469733703155736,35.678488350880635
169.04278107372767,98.8358647008152,1686.0899596674817,22.021738445155947,39.193500666595334
35.49654300451627,106.02529682137661,1674.9469462059665,90.5420013006128,12.356166506639314
429.81770012687326,11.904034781293777,1761.0440265054544,66.89777782962805,16.044746092228465
107.1184036852193,22.2283905858042,8387.385285516375,57.104309332528445,4.088670817615409
236.33551315589708,131.81606328084658,7171.221478783113,19.04099143618777,24.05463655610115
48.46540711441166,72.41659864427142,3523.996918689247,46.7024668036675,9.644707686422368
364.5379247299253,113.12524394527466,8849.569507976677,9.841787115195888,18.04131910035208
201.31064105113438,57.00283770635381,7685.889095351515,24.865633392028563,12.356031363900048
95.10445422040576,75.36707603596616,3507.8755784268396,27.85451446669405,23.08519085788692
124.90322394105024,155.10862067837016,3709.742078007841,86.13491047618305,22.253710114400548
275.16265622492404,8.498839360180048,8993.183449920904,83.60275850799519,2.074577903916406
484.4981286423756,155.62965314536544,7562.6094769359015,16.6311110603914,38.38321189984381
242.82056272535922,35.909546265462524,3309.8827792198,5.8635399972178925,23.886853969721667
189.48655948845806,165.53188575499397,2019.4290526354434,78.40706019485694,30.999411395314183
227.50418366957166,71.06525764634736,8594.517588166895,99.54226894927139,7.865525255357666
277.8841617028091,120.69259024978277,970.5698401036093,29.67078254945642,63.67163245969476
484.3546824845794,97.30228885713105,4650.854413055606,74.7975560379064,36.76098748972085
28.58263645374154,98.14183586910717,4277.078637735379,85.27198920482853,6.6166692573330685
78.71636396974164,161.41085575010766,261.0589197855753,18.58249609807232,36.658255918445406
297.51755322501384,113.43570900548714,1734.4370025088465,11.98866139471242,59.72014941174536
445.14365706471875,41.36417842848898,5147.931958567691,61.93815103321031,23.79977169788884
209.61245766793624,98.05694460092576,4466.4357975536095,93.47062577364272,17.234331372417046
102.12959971176822,120.32022253262168,1767.516549850537,39.57858467912545,28.386168001878662
335.84511147998563,50.39950940619205,2503.683364582613,75.18644924144022,20.664040761583507
36.27155724657866,76.99196779992246,8985.317188117202,99.60964478550945,2.1867137940010797
36.6303605498165,35.80992446086279,2019.4039401288128,93.3259377993709,6.944542836793149
440.4320868432198,147.71740073740318,3010.5073430193975,15.774683235723197,81.75392484812181
416.8724773199035,118.19470741467832,5310.938774396526,98.72330636315043,24.072145948983756
326.9881588553663,1.3142820015625354,7262.489283596886,29.93787521999779,3.1408676808232885
331.6943574830387,157.74024065975345,775.7655867369933,11.54286704191022,81.7373063886967
53.51798885470882,92.94157166864908,2087.308016990755,60.482982703022394,14.144316550059838
358.80609356939897,34.20434847101209,5525.260609408258,26.39839016304094,21.260763767635734
244.26592607468828,152.0965305013263,7537.985276301127,9.229846771273342,33.07353411098717
211.78788628186317,46.48227762733828,-466.31595366606814,77.11192230196271,24.190085874837877
318.5566886506898,44.0084840889705,6541.693629305343,55.16804211263913,18.805041806483366
213.84345949033968,1.6245095342011142,214.81667070078697,88.3106393300143,2.384732973456859
451.9642857799466,91.65916858652776,7428.652688917158,58.250956648979404,24.244556750732727
74.04689278374133,21.410847239399313,2428.45432433627,89.898148874259,6.828821617493711
398.0611524440209,144.59803377615165,8039.784047001509,21.007653833975404,26.727073092836505
124.76486961146222,17.269328440859987,6911.104297778706,88.41347014510089,4.357319623453395
203.1886949160584,104.27113370531976,968.2567141559441,92.98810156936744,19.330419547005764
432.302848109982,164.00261353240177,7202.33133943377,88.14162046633244,22.576951338806126
12.393180949094361,123.7428312548538,2655.7619454910723,93.08158860483256,6.624536750719039
401.11756946856946,145.16275676704694,7202.118507456696,26.680570959447202,40.051335456670415
393.6872545677356,18.160065235696795,7785.584437607853,85.85932513377816,6.1571111838927415
111.21685877283221,137.18654974028408,3872.8807294499493,30.519086733860057,24.089944927974212
397.6727495764309,38.23604188450542,-275.18787033621055,19.312978832770867,40.4759532002841
164.13097559885327,145.2112942610881,8685.44648845943,27.91249927218714,16.608213759561686
320.74086930381384,67.14596857249023,8820.922028383471,53.62157324787219,11.90774586304767
469.61857016235786,19.377414311039836,8718.805804711166,17.856781617246366,8.707464207265643
481.26715788077775,44.59834890385873,529.8241985397553,43.45637585646443,45.38396268701186
364.2725303263521,52.69778878475853,5258.984106408361,51.14230596694781,22.82228657351783
192.5977166723636,96.86679130742873,1919.8638083165283,70.87852838341706,32.6802637949069
0.8456391093147331,155.49662780384588,4615.293972381523,71.94299991448455,1.5664750126614848
370.97503891973827,112.66558874474391,2960.1039819220096,6.997381112631018,54.53918961866582
332.1188424556362,55.473606055156196,2482.198628054417,84.80152795063354,22.503731233872138
359.8771315069751,50.45414105949238,2438.2042909822057,40.83929086192168,25.71171261174107
201.20019352886231,49.670074024359096,709.2340910619555,42.04463337729083,29.83495010435478
470.1818353650915,113.78941480581913,8076.6526844595355,61.55149159513805,21.49048862189636
150.47493728278266,92.0534518067973,-496.1435728757685,28.69137168689272,40.34243416940014
214.9440749949173,97.43744324087457,5719.70342517918,46.49881902470142,21.817395910858206
221.0798996524037,35.90183536616885,3995.2687661386,90.11808258282542,9.949034760392973
398.01238006339014,28.508154561273194,305.55759888865657,51.54520099152165,27.74691861773725
316.47042788289787,56.31162690884655,7275.022913098311,75.11381375407322,12.214686272911502
336.3978352785835,37.73963188754443,1391.734360902478,2.442538772682634,33.313105919154765
122.42127203917508,79.82290582875926,7572.5080989349535,7.28282291845691,13.484978666871921
207.22050549885967,105.8005839639359,1347.1347490272383,69.6354250490505,34.97444749132475
247.18858450521847,40.98938584917773,5732.551105561949,0.554481813803176,26.16573556281485
375.48223830923644,129.36775968043622,512.5793173536199,42.51461939427341,65.54208675173417
87.94334085326582,160.93829510296268,4420.598629215538,5.0218385140640915,29.466465315549954
124.59913982998583,142.52050635507885,3836.3873419666397,80.14166017222645,20.77373930479275
333.78886629317657,165.96593211516327,5156.7970254594875,95.0039608443156,19.47997144133353
445.7129629052185,102.92559022397616,6333.102632121688,50.4778164824402,29.380954532781292
415.2845848607075,92.04248770261917,8023.47698071599,74.3655442159585,16.213782465302113
237.33721841152666,43.54418014212325,1848.7775063417657,63.76614367761563,30.89934280743269
382.9068421485827,87.578368555101,5454.110151326922,27.45974469175383,32.521868920479044
38.74167693236791,48.00232934500962,2081.293517280754,31.97095684187623,12.060826848788375
270.0761112592282,23.24684233471416,1696.9840574177742,69.39498122990523,17.018407943694843
353.2095708472761,10.790446919931515,3372.194011832574,54.261114050391534,10.303480328132556
207.88711705157797,34.748177438420925,3491.3634188475435,90.4838478340177,14.935652542338133
292.0397071021126,116.84786173165864,7638.954306887375,76.55945761180695,18.140482630978408
190.19051446385583,0.9905420421108362,2841.7086253823345,75.34751250593858,2.818009547468749
426.7239752845523,160.17629686297786,3480.7021849833077,74.75156689780508,38.7828036909131
273.06615486691953,101.34643494212854,1595.1175960762794,21.942163462143615,59.846855493135074
217.9179880233183,4.8761697510481605,2693.230665134633,67.91418850283497,5.086179935962509
202.15833456881853,27.727514842189482,3940.206417706946,12.762779728116069,19.81136676365496
311.12848048703233,4.530363920063132,3243.192435227195,56.43919830247741,10.08922556485248
13.551023170156217,107.9819408655684,789.1451286903603,46.169844405151174,9.000404469060596
25.142316744313774,63.68944918360745,1510.7727000090745,32.684580488130855,10.30806774154618
380.61485394701356,63.693204214774894,6644.093323770456,83.19242851552727,16.09582426831146
126.1357658911903,13.760247103955948,-315.8587730248985,53.94190479225337,11.087276384043845
499.9539142546046,58.7933377449909,5676.368885873812,78.12330496108949,16.432515846080513
325.8773276219447,126.7111782820004,8521.311460801895,19.93606823625329,21.277100259400648
10.190008660166171,25.600234091844783,699.0992613049593,66.94588446199107,3.271101537434814
281.98479096500955,36.61804287229261,6144.917226838433,76.68980983562408,12.760125309962163
83.89457168390113,102.01757897367652,6605.293693575215,11.453287137889767,13.204557564458298
409.65058715554255,162.07308986972672,526.9381217472624,2.5678425497466018,115.23226669311197
155.9786221973476,113.79434419086867,8602.641962956011,39.66544415166273,10.608378177458734
357.5073525247342,12.767408277634074,6060.836951363313,62.724239560104444,8.509340863988106
50.950652722988266,129.77678867180563,7577.785771343565,60.04116148168441,9.252342269490194
60.527532533657556,165.28585105446479,6935.035790429686,34.7203765308449,11.134566233610684
214.18900661737223,62.25590720463344,4306.62750193224,34.123117486128315,24.583154649795897
424.7878134997887,138.15159423912976,502.6192711179865,96.07875672145786,55.455209315787414
317.792553050723,139.22282824841298,6219.432115207731,43.5487145007677,23.450959985731636
366.8976520066959,162.19958684799704,2065.782765680308,80.8199218806756,47.65322679512985
269.08645322412787,81.22758065237694,3637.9576835369953,73.10262143051223,26.248801282125363
134.19776902461265,143.08781088324776,7391.944679460732,8.66628980556744,22.332671365953303
440.815592001386,40.969057784080604,3914.730432730701,61.03317042305206,19.817985140145023
189.49465206413203,4.8215996253750495,7584.051944968362,18.18398571576918,3.1889261462694147
106.0599250898695,134.0358359471202,2733.2190100606945,88.03199797582253,21.441453526425594
350.5918751661008,46.413120727039065,-403.5644128325674,94.80625777770312,27.81956961027999
42.80648097901063,120.97254356950464,4141.489545063479,75.81646534824664,11.749070693861428
345.3046697232615,108.51168715647998,4162.802683246568,79.29328681323175,31.062790915233816
46.52667527733584,37.22819527938506,6071.977975304418,30.62060301300884,6.091739287384845
290.7777926661836,79.50776211160016,4543.758345884794,42.55038127052148,29.81863349669993
372.9677183568048,55.57293792891626,6177.121950764805,27.091642697619633,24.577005775434
125.70183810047075,20.270188638387378,1329.5507877894152,11.955474125505283,14.5017014192321
267.9319826918749,128.0478543933293,1258.9235031577887,21.63846398786057,72.822696268082
242.09929360635434,121.73028018363266,8777.766717389039,52.46368691086079,14.515809391295154
141.4993516374775,16.88838615925285,1344.1169918651976,22.74831634825547,12.160826724496598
89.72077184270167,2.3769256990187237,4574.283348042802,27.43113267832673,3.3186074881984506
487.14746555136895,92.96430642216619,6125.465232646848,12.62794929584089,32.47424977514446
434.230598631472,82.46762067999485,7790.837482486078,57.406421962633225,20.84472069959987
234.6984724652551,73.99875808684972,1251.4548687057763,5.137671718357783,51.949959724198386
470.5317983840516,80.25850346063554,7310.098630344589,40.07074422519398,20.898444991476644
37.0410851278199,105.74687876793571,9.286205779064858,14.919758447365517,25.448464407676656
281.4197985422821,51.04436598949425,8942.222165747091,11.845156221146159,12.192136723601394
382.2217226630971,101.86136540881775,7012.037883512485,22.568713706503463,32.007881202396334
261.2862675651089,75.68643010131072,3705.849538183619,86.016666582618,27.506107359107226
495.01563023339895,51.303881045652545,5399.759550185411,60.963091224513036,22.80264927108453
370.0446527422725,159.1951536546635,1473.9851053237376,21.102519530539297,65.01963579808
330.2140685960183,26.38559168798736,1151.2287091011276,7.5064868901167925,27.081442731534104
1.3378613014428664,75.684622375774,5141.206353635851,29.12592890310276,1.6739353163322235
115.73811727801292,118.7685794196776,6178.381801890313,45.40313264070433,16.9397807525602
343.69246003562137,155.21705547306817,6984.366253143948,62.505800716422186,27.315141247798252
330.5915214266839,156.85630101884624,3538.8201779900105,54.456237871057866,47.02418569616792
323.8173617012404,152.61312279571783,7352.996016675566,7.140983685581414,36.62909834264171
82.96139461036233,51.67878451919107,6615.0983596614215,56.92070493190924,8.228117278806721
144.30529415292088,20.891414573350982,6042.44091651489,69.97336849757173,8.408804151642613
471.3381203720204,84.0793257558115,4191.054583778301,8.044185189930097,46.211645999642535
19.930392091806524,72.5808155790098,2562.0550419038495,25.03679024120039,14.209327508584817
45.6634433154926,161.60106516839656,7441.606832108722,57.519910921993045,9.988341764444275
475.3931389031762,167.92816603541183,5886.675050880773,26.95110259670539,42.24880967624367
20.115836572308087,127.0531635093096,3969.757820890519,65.15094894336863,7.405917724008303
458.0363939633838,30.490176733485157,5060.631440139617,63.478471945408685,19.41203742189322
245.8629010955067,15.328724257362968,2805.630034799179,33.3308393665092,14.616368597859754
335.06675476059274,144.09915985925923,2633.1348040001712,69.36736739834325,47.836173150845596
144.10889768072786,158.7925146466194,7228.87733001074,55.00966089717829,18.31400537474508
227.41295430086473,52.83888240458821,2571.1009696219494,97.01847268085771,16.91653817426036
202.08752850037283,86.45217039128966,8887.132540426664,65.7660386483129,8.020559861573599
271.2967971785975,69.42559189428601,1282.0341432480077,36.177935915167524,29.859865030705546
378.22157702778685,105.06866868036151,6719.910092579661,20.355823835027387,28.7356327391578
274.60981954266583,155.8490238218672,3662.1029031875933,69.82500291221723,40.80782484493594
60.71304168130992,163.48866505804466,5284.280837278667,23.929746232765037,19.674566589388817
79.1890819026162,92.54095317644855,4746.388386010464,9.320920128152254,15.550896162018386
496.1285696976098,153.37221958534022,3883.7549946984427,11.746614908955754,69.67895545727083
416.0715868844506,83.7270847908088,6307.731596922015,50.88720150695117,27.234590821336226
136.71244835663708,140.23362285688466,8812.324009732067,24.373090607513838,11.171882770224748
275.63253844023484,64.44245022552118,8257.747424349838,50.8240891592894,12.553791047807044
439.66312757323806,145.1565249840028,2124.350326809389,79.00061820031135,48.892079249635444
207.47121177567257,156.9537301386634,4323.507920191736,82.05494731855784,21.838569501151763
141.41949164141332,50.15738276165689,5075.9083629345305,99.89023332293388,9.946325964281229
244.8201733278505,24.96403028830857,4616.5154881868,34.512394169300755,16.720380332020593
275.9587085354055,91.29625057705707,3825.7738602317604,32.17773502290374,40.78077249395562
94.32618685355271,117.17973584025599,4932.077598856561,23.35624460578931,24.567283295810633
387.77223754962944,7.332746248346722,6574.698939869361,70.52278810250026,4.836285579631338
405.7044512824384,64.86123041848504,5805.04388010308,82.0747551709555,16.511932615015965
490.40906932989253,83.21521313555915,-148.31369221702624,50.229115013296585,63.37646627480942
295.0902146547835,146.1096526448522,7804.80855351593,44.03062097706771,24.023621080187045
262.9755434037807,76.76391651167269,6363.216361921105,40.99786197463644,22.30039301903479
327.3906632138669,25.932684753620208,3960.1607093549537,96.92036305742172,19.41949181419908
169.28061702571583,116.37437256259618,5673.448199503089,85.17652923506914,17.937995004518555
426.1706682829465,144.36948694026879,3110.089276465223,31.666115393339965,69.87839517587412
359.3587126114915,127.57950396817309,7787.638665286095,3.5899099837686577,33.239006924489836
34.210373590775724,106.03505083157961,8248.82643841282,99.74259229562153,4.100356149910184
373.3831833689635,72.90720728308511,435.2097006403807,63.37478287807913,39.78081044799707
436.28961630354536,74.53799667916657,6093.011046535728,90.3424062050486,21.12310388180531
22.995484338606374,133.75210214725158,2286.9938716694837,37.484108977531484,12.429891716227191
72.78489784969922,89.23594144899168,4876.3165882014,79.25194738809532,10.80385347055909
84.99182453404869,13.266682910879098,7772.976187126122,61.97103685374154,2.981318598555515
120.41489592815651,153.35527469195722,859.6183412208418,46.11499133549975,37.79234313874844
126.98866970677113,42.89488697073788,-410.7244011787251,80.46330769751464,23.603498892750938
450.60471179944153,113.83862879744535,1000.768409681976,44.17297836038144,44.79454420834963
172.78281222154084,98.7120464612388,5569.917672420115,42.430893846089766,23.640438972924727
125.04911220385063,142.01105942395657,1392.5614915344772,38.46932489673455,27.760515798196337
241.60403052960805,39.85055792383254,4933.265577332019,57.481193017864506,14.841084836031886
496.3460218134488,49.59876665238925,8790.472603480195,65.82298159286808,13.05595160894254
137.24019008911387,95.07607484855743,6015.095180973115,74.46688411653251,14.062279468884656
24.52212538799997,101.87629083684772,4218.909221976768,90.41552908937254,5.762304299798699
143.09707572959724,134.2085000772766,5267.117482560527,35.23209558353165,22.20619116536992
318.3089390029459,104.3097154058911,5938.762356921915,72.0928376670709,25.25509820904617
329.59077015837687,140.8406356497028,5468.356985025534,90.34037040729679,22.25042248776281
323.1703044452614,51.90072450404286,3687.8203065467096,57.957380536840276,25.42742944332117
366.17988396961914,15.14240712536478,2303.5492904769753,74.74808649383715,14.624114015102414
87.82003522215331,22.202846021459635,4624.373710352,97.14895812113399,4.879918315795052
265.4261868513925,153.46581171292507,7389.489885890275,25.69700845632623,35.06862886319744
412.3449062712036,80.95043541878852,7161.640691040782,74.6559350717045,19.8183109289756
169.35762690094313,19.34851085155958,8647.486282254336,14.075701500588266,4.117402776082826
483.25010473137604,144.50362027900206,6380.0587647174225,97.99422427819034,25.317538110849288
483.6348736500162,135.1707241954544,2974.8629693528806,79.06819685889374,40.42077671856512
6.959327550450589,90.14414778920192,3820.467263471809,67.28283818737536,4.9407516370471285
336.1703986755066,98.2060953975639,7312.964361654355,94.02918917795542,13.002054856704119
54.17305109961534,39.28207957154597,-262.26582835841793,88.42348452148522,9.92712942039665
280.70369112493944,153.76299266885079,1602.9884007029054,6.321704116019545,72.19786121129215
411.9276756952238,152.77712325588587,2370.8066580278773,40.82958557954127,69.78114877643708
69.88850625361054,158.97193752416698,2391.4635513820494,49.262461897820586,20.107972318730276
48.5959993109108,149.0595638327884,788.8084627101971,45.36437568888926,22.457500401967245
335.2431094250856,124.84754041589282,8486.753814904605,41.91267534147228,17.453190364943925
371.1345073826579,25.959847604852282,3441.4030106496657,9.90216347105285,23.18712793536515
244.67351889480727,68.56346879721369,8539.454491120065,3.2716286855046905,18.457614444388895
185.2649793672177,74.48835845819788,8530.274113588555,85.54501933059547,8.188906173004279
49.67731230306516,115.19428460085594,4672.425684080376,97.78425294520467,7.419206696402624
179.33692060615897,66.88745998105468,1303.1813405302557,12.215971908726376,40.13493333251614
424.01659423184054,76.39251791984688,5796.303011588791,64.17044672332176,32.416413286402936
298.5729797597725,3.5880523957102657,6974.548609318859,24.356889716402364,5.442907972932954
62.96194265402144,94.84909995253784,151.79645183138098,76.51573758885844,13.977338343591889
103.57868517332925,36.27982712233736,7762.106554310674,32.855955343223044,6.608144832772026
73.77708997072186,151.28921398613537,-473.06226093984463,85.84061263801763,28.644558451023396
72.343990160254,21.83867808249738,1881.2148689171763,17.449712090139347,10.533007474499106
330.5288212986584,4.331065164081324,-358.82689130826594,78.99846642347539,9.657082760589804
118.96580304523152,54.39360560961977,1155.3389133586834,5.239901786117651,30.404119958202173
370.85902847707473,88.38236846844167,6583.820112822959,47.62459654232502,20.936720279610917
389.0085196571014,86.2239768783442,536.0130950365324,50.383868978582136,49.87106350090837
472.70782148505316,7.285326199060846,6940.656461813606,86.69809077598383,2.819022209957979
260.72560735654207,76.95114371241058,8658.248739659273,6.082540749450582,12.877782606320636
239.49095549918164,67.47169875811016,6017.926212591211,49.02688541442253,17.926095078380136
454.85041455761467,12.346440248763685,267.5095354025233,60.829742363343996,15.927093643932283
32.841116660056954,46.202687925736136,5514.228880859647,54.835643404836055,7.393875809837661
162.59272165933396,167.09746298463517,4540.289955597583,45.37154175754716,24.107117017202217
302.71339576765644,16.661981562079053,6166.9044761876285,85.2792737295575,7.208858424413915
325.4583324406527,129.1857386575961,6347.979208247192,21.50230663274969,34.285842467396556
225.77745798264075,38.38692049325018,2719.8503789341644,45.34989029074473,26.11782844521195
207.99482513074764,15.974420998305984,3554.258059479101,66.5107863060309,8.209884208391932
187.1505117177684,25.643339361145593,8268.357839476652,6.713330813664776,9.679929887741807
415.8859442374272,15.662657086217804,417.3621093749633,73.87959984887156,18.91259443566634
405.88464263869616,93.47028358337882,5071.418286025031,56.15864139920724,26.766459080205365
164.82299070810254,20.53485593956596,2859.181756520793,66.53405200029154,12.202001276228367
375.14212512573914,145.8394810100029,6350.07644808842,96.83986253114745,22.822397026423562
300.2050456123385,59.076559196449026,4990.225924703621,21.27388056720061,24.54184671363071
328.3681514940761,37.673138010071014,528.074628309033,84.5373418601345,23.8467732158907
183.78052530767508,128.11774616539074,4953.950041148895,80.72213711523443,19.639264835162205
422.57758066417904,163.72382915711898,7275.055165636361,61.35732805354648,28.645634303233898
321.3495819149157,4.410643684202011,8326.300764451897,82.9460789959663,2.9375823715034453
133.7238625770553,30.30990008942354,6175.638342223245,30.898468882991015,12.606650797399418
169.9123283886292,1.02577261981466,7763.695712096163,56.63210947613763,1.071525624141709
200.39217199975778,23.834941897413135,5515.134120227382,3.065709838090591,18.867626426927984
373.05588100285337,36.14232384562984,3488.4086907627798,34.08959817693328,18.66822261599576
185.02654623850196,121.2281225807691,6879.938389684039,56.75935566143973,17.499974042555372
42.478519988589646,8.83828283948766,995.3940225179549,61.78381819260306,5.140738861821392
336.9843553065565,45.71327771576478,5788.417581678482,48.566170489099626,19.7263988206433
221.02209334888957,45.89202985328127,6671.959864849521,11.381750811020176,14.941552258817897
214.95681669894518,47.58540697351549,5945.619420221264,48.66327533642508,14.56511434679536
333.5662793681748,7.630116917543824,3255.002262832475,59.932495694445045,9.207779377866014
3.8435429499414364,50.63845281909738,1506.7228025929667,13.7234805257327,3.9873911468976058
127.75975201072964,55.124555797557306,-426.5658875915366,74.70141234297678,23.57296408231367
87.84740093792115,63.874850880159684,6184.877002135304,50.026234655621316,11.178913718490545
416.6771012099391,135.44163134321633,184.71721762549953,86.17643620225886,45.839728605234654
21.15113078139569,3.148578146388478,8251.043127772919,86.21100136120664,0.6515770650505632
287.87958036841553,96.33114638882162,6240.240134904875,41.76939598434806,25.793539139615994
57.58668633189912,3.5039019161578002,2585.2977047323816,80.13221543104521,2.8900157433674694
309.0626316521201,139.7803533960468,8237.812641543154,8.812988129788469,26.979377365971146
422.2421799073485,40.87716777021926,5094.277238877663,52.39625430006316,18.961964451602935
197.88334842966648,52.1261263884247,2725.376170910407,33.3068622493132,23.1170113242366
84.0663540228433,85.76119180308092,583.2530784662492,50.9952062322972,25.733714668857804
452.96136579002524,58.69504459935989,6410.10150390209,81.8948601524852,19.106318557883395
407.5185028750071,39.69316662304968,891.2200736380967,19.727180282398326,40.6911010463119
301.19949263658293,127.71616965187786,5727.335599928021,17.714612894722915,36.99023076666414
386.4240446237801,83.01166020292129,6667.235339846365,75.98771496077484,22.98266507420537
224.4526284975315,155.25791540879078,4862.671942326593,63.52983190605934,26.773146034264066
312.2608897209474,145.19347497167792,5458.565365547832,15.09574013930769,45.12318235280691
34.14312924787804,74.29095472449586,2376.794133820623,27.467366748615916,13.024468975398454
28.086060106539023,85.23259672868274,2448.874580759954,45.19138637006822,11.24245882608249
28.44502541697619,139.7250341194044,228.94451114782248,86.42500339252392,15.72061936618297
427.64668572804516,103.32140925381637,4317.144264672574,46.271165892727225,45.008835455881524
277.158185669152,133.02538994058023,8010.829272789624,44.973370365090624,21.916274123541726
404.9079588489856,109.50869238096647,2554.5042473640697,47.56290279430695,58.257031563385056
75.43053834781927,10.39478161698492,483.2678340687204,89.91268339557735,5.704552185204716
171.7188879191338,120.00501226013373,4293.2155142590955,17.255891143636493,35.948595820744664
123.87186179914211,73.54339008395114,3674.507021744931,52.27480352655456,18.026068085487537
79.37310399077069,62.63913299302295,2187.48899683697,40.87693972473203,18.53852898238261
169.18357342070976,100.44482488034222,6997.655849854815,64.73053569693069,14.110936518915867
32.95592713985873,15.876999182535847,5944.60377598077,28.414697387811373,3.9120672295143675
361.8668275012309,110.30276651696029,8110.255623054934,87.32796620605389,15.704723427475503
166.6810180302783,97.90023845051849,843.5696155510195,34.982078753584425,33.062118986002524
483.8482538463723,117.344633752396,3223.600851185923,59.50412281515748,62.10868393631335
469.00109978288043,52.00975708588144,3078.4534075348515,79.16619578635435,22.99436719940764
406.5923919074005,112.57955519911339,7375.110242497413,73.87746721294828,16.696733583650964
342.7072201387881,88.43408107534124,5637.235796968135,42.34063663221037,33.212186625552526
180.9140481733923,60.916408388983456,1212.497767330024,21.419266120890036,36.275866722428326
473.8341337671734,81.69351470661819,1652.1589420719288,13.756535317707929,66.52888444424627
38.58254215043816,141.8639692992284,460.8372548449944,77.0874720363101,18.391398258808742
417.55991331727796,148.45860380275036,-141.39882260316813,33.676437196428154,80.32944701550264
383.1538022236208,22.016238960157345,3078.838772813984,16.22472120884505,20.96021859079372
415.67252834456275,129.54443270680605,7185.915336573361,16.553916574405868,33.85839415293945
218.83670256917338,69.02424673141762,5925.447760791062,23.753020144692506,19.177935757635616
222.09935490263783,47.86789267064418,6611.096921906645,44.89279630333404,16.08089374985688
267.00557484913054,51.990606622548654,7181.926775362471,46.90156050322527,13.884055938078577
417.5566963628537,61.797280981805514,8497.736617319168,98.44397935315773,8.280303136049724
230.8399892204946,47.337651094234275,3127.7881248117496,52.74597884614827,20.909822639192882
483.13407660297366,137.23772824964834,7111.962629439702,13.839853460343122,40.62754289941473
125.00160579450353,107.71807808234712,7804.110977996252,55.454074542443124,10.576624732321386
51.294865874204675,142.10990249121767,7586.0774568053985,28.506301405932845,9.283696108135958
381.55841514584546,45.82893833134791,8100.408985293292,14.734865599160429,16.304151786530948
218.7362800974904,158.9974281859758,1609.361065616316,45.112799022070895,49.9187478279188
174.79253906932445,4.480592054893673,5.940428125207404,50.200711469323544,7.437355488365532
117.88903693171632,167.08025900803293,3061.670397468792,2.818754552815006,36.97336084671757
465.41295237497656,140.98161631874976,5674.626500794726,79.1380637482176,32.83964385561178
68.79979386293583,48.195738748629054,7382.7350399518145,69.60719885759836,4.439641682299449
69.3963459090931,118.5300774485655,3761.7140028313424,0.5251198305617932,18.940215181703618
39.61288563536064,42.99521997742351,7432.1494431826195,54.880424544383544,3.9946261615713325
363.6173926624659,88.66561298896968,556.275173080265,28.810157803923055,54.54565252983656
150.57559729310998,8.021907031967014,3488.342665657709,79.38991086394381,6.011723346475021
228.55680831822434,18.624126408722518,8098.895413788987,59.67390428189469,7.181600344863028
8.217676102947213,86.58312267518022,1798.4122769994365,14.357684024626005,9.149561643957327
214.61944655166687,103.2880099063597,1785.3602686621634,41.65675952085398,37.71660575072392
332.18565087100455,14.383144437859976,8759.217664046106,6.767932290884604,7.16560739729786
263.02972266108526,85.23105302540415,8889.14911316644,55.415195241819546,9.51835076179816
195.22686628003206,78.98269313062565,5538.8725189519855,98.10394225515603,13.204504441300534
126.82513053460637,2.728694826303201,6990.940154655395,34.480249316339126,2.40738339423281
366.4705107253208,105.54716969591028,6829.263054043661,73.51869848123113,21.978450670685774
166.25930418599245,7.4483956335949735,4687.13057947307,81.35088655560881,4.3191004267228985
87.54456352585422,130.8959557043513,3913.9175475968586,69.5389251996064,19.615718587923
315.8679238791689,136.33161055039787,99.45510180613394,77.61903997034217,59.513173617840465
228.8397887236766,49.29835195740525,-83.84038123833062,19.946983371518833,36.38819978579769
20.952970965191,156.80632463166674,4396.144097917739,98.91227022961235,7.537580545409133
271.51534882709296,42.55671255403972,6656.263728779217,19.11034307339109,18.66924746208163
178.4870880176817,131.1813832523754,7725.083632241547,33.19246863813446,16.823016210947326
62.2375041221917,61.82722128486507,7950.121911616674,74.33077055196212,5.364479597615459
447.31874747752664,64.95632106779628,8750.374050995435,49.62032265370227,13.853218124382835
248.76169624681367,155.28415839332988,4433.1206085819485,80.11480874017738,29.193358930191373
363.5406621713179,13.259737017318603,5223.306338887159,82.23412795398866,7.9245912328656924
272.73719867231847,53.963519940051796,260.65465521245494,66.09192214581367,30.651860199358225
153.24792804537623,101.24043345874077,3548.1026923889317,68.97648084454863,23.867848492026607
175.77349188599607,7.11566735882176,7765.353163035725,35.25593103084823,4.93031209338979
499.07529888652454,46.12530049257607,8810.259152345652,94.79043786030863,9.676865257453901
37.52058249407963,107.10210636439412,2951.455741184332,80.109597556217,14.62997416058458
339.70530390734496,160.0686185749741,856.4049494442224,60.75729033208553,51.31096520802219
390.65598487173327,5.84622625415506,138.71694909003372,77.85153735068654,12.536796734367918
183.16423655357428,64.31953948371465,4888.824096379135,60.50948288547855,17.876775185968135
339.53102845669747,159.4023529166135,3034.1270954714955,76.30844717985795,55.12368619589586
286.9608891669478,88.94926009809666,3281.3234365482745,64.95607367060316,26.599126794045432
124.80582654669897,19.059366914283032,6488.911165054563,49.90439602564668,5.736092470641037
193.49369001963174,94.36101540762071,1986.8784275812104,26.028977113990337,34.38728512957862
223.1365562028081,167.3893388419998,2212.980338132501,91.64789095418814,22.425923268305702
245.60009762711204,20.603086879867107,7601.849758651066,45.204268524539735,7.310625211784375
449.33951539311516,74.77868038073244,334.01204049494504,68.19292602506371,40.000208520538656
422.7606094873497,53.690745712794985,2800.5403000163633,6.493907831607116,44.08670986601959
271.0856806127812,149.74372263545334,7587.939482154696,71.18091040072126,19.725671286364022
463.66222836158886,107.13360379075473,7040.115646527526,50.87557451743008,34.47456873489911
60.681227539228445,33.764702357851206,819.3302843644744,79.03730608077491,11.208617528085512
13.142013404132847,93.07560145961197,3004.656072261597,80.36617262885865,5.529081226050571
275.8234669632138,102.80732492024751,319.04707569336074,30.929071752846216,46.081946139170945
499.79752196719346,120.77010286164088,4494.108720887851,76.9164550374698,39.3371679640134
411.66969975419534,12.390119769088155,8737.607449380776,64.23385893863814,4.210190448488142
224.98724783149805,114.25831042912961,2772.890416675647,87.79601516504117,34.01366207048251
390.1314644191542,107.48538013359939,1228.6497972453049,96.62646139341068,43.02702180737367
216.30914324098742,152.99966151907708,26.422075168882202,12.416112063901219,60.810764288884535
76.50773340510031,27.66238942154085,2565.2771359682783,70.93321325292459,6.688365509010888
173.01154117093654,158.07188122849783,8001.796209800683,84.59337061558657,15.099395927928306
125.30265449099953,106.68959135314131,4732.993447089827,12.51702951269027,25.006197735848563
151.41230305443804,89.62430900108794,4274.444875041995,16.863590174770682,31.520990193873878
470.80349393429793,25.904636835766613,5757.962297145666,72.0632768437273,10.877589775831698
302.5694539309277,141.54504069104934,4854.371327097309,82.5236267326632,25.545705905082194
14.186743949438807,7.6375829529454515,5593.810471331421,57.67712314773791,1.538711840517422
325.5649887427999,128.84911215394027,3457.574444800839,63.899119220887044,38.60209008289013
249.01903006805804,105.36355373007817,2251.8807396152547,95.6650169954405,24.670996144466272
241.47240908770974,135.18760990824316,6007.412991358929,29.743387142974232,32.710857185607225
36.486512752672894,10.06538953302439,3676.252249243904,48.42511301073592,3.270473093674985
102.01150678169935,101.91892415386691,2469.533742845864,71.83628851124375,19.5817906431931
367.0998774022734,144.61059744672664,8766.054215191361,13.076615155238647,23.542214198951033
185.27009902514564,94.35740424572602,2531.600920829994,46.64725670406364,33.22669241791983
133.7358372270912,41.65037226429166,419.7106993254288,29.02120049699015,26.194799854235566
192.07491675080303,103.38341061954674,1858.5676636212725,86.53075017207176,21.63440120171697
79.84983106508048,55.00921789460075,4988.026859989166,31.271492086227305,9.758378916896632
381.56068756931427,83.70861106606468,4389.885972699102,49.875970839765415,39.25851514190083
154.27024102721464,3.8936181003469734,8479.711638657755,50.54444630237715,2.2386766046028868
483.3433152762377,36.144262984408506,2852.5033441353758,5.054040462789189,33.63974730173985
247.44710176258818,148.23303202985778,5715.470350451363,47.05868533681957,36.77851792047207
268.3453746444635,142.3249573861026,3593.813808801635,88.24557309185928,30.07573482431123
363.75403167969597,128.32793637921424,2976.4048489168486,40.05816210147566,59.01463085554849
285.1408219405146,32.702090717136805,4755.617802900941,7.353174974284182,21.98887224853959
252.12776456160236,128.41989127081624,2157.346437427829,98.90907006207226,37.634641322484946
340.19932005943036,19.96025131356304,8763.28674643095,39.39037127286071,8.984755653422788
397.4486141904729,56.96633039203097,8420.011386076067,75.49651722927939,10.668745313657107
99.52894077622499,85.5325827258306,4250.740083921117,4.530335246707473,25.826983638089274
68.5181867837602,55.95083849926489,4000.5694287543056,45.698855928287394,13.511001754321615
303.13026120190204,86.60496300073866,2615.6755525469994,61.3068121064678,40.84609296849737
81.2510229384697,166.42344391027154,6523.533925449239,29.923434252831825,15.071378670188068
168.18672607583918,139.15261684083916,4557.228383820825,70.87398064354379,26.17669056863771
149.89528236870686,137.04580398496248,2999.399193724811,67.38063924730166,31.881313979182174
489.94901558958094,98.06195983059611,7069.170732336398,72.53242125518553,16.555388503746514
344.02182560138584,4.476722033923975,4008.6070338080754,96.7070696172051,4.294771109380267
391.4519957157107,130.3952202289081,4987.526760709738,72.14001122963067,22.728792437984403
291.76163852381995,28.64602637343877,5475.739790880954,61.97358055010894,12.792272356670226
420.5835624791321,24.826318994455747,5966.905502981449,3.157051334209937,21.80921446556948
474.1025853921507,18.46244758406107,-320.0950086871806,31.36924834458552,38.115047730085855
75.71562905967272,116.00404383431227,3398.585388565698,77.4972301807091,16.07117676362166
460.26047494860535,146.63337509726983,6490.454077052473,6.228128601443195,56.13810142018504
69.0412428926051,34.83340643516911,2587.9705770475202,66.2226799714349,7.868168757281856
262.7385757000177,52.71043658795328,1145.2330266446136,91.21241609240104,16.586536470371364
171.16350884092307,59.520214092328544,6833.902949413037,72.09245613272927,10.780036195076624
321.65454999973076,116.47663608500991,5295.72751074814,19.22641691367134,40.14749526495008
123.2595677636802,93.7585573356439,1636.2368609317587,97.2910627590569,18.268490050477894
148.80728263845396,48.55269508379219,1469.1390511190825,70.49882597401968,12.826832224590323
158.52037250922402,58.598933265819504,8370.153560322606,79.54053560023335,6.866510314434793
136.72876837771153,20.47484976309613,5927.911334934184,37.96941853743825,6.792614204059871
490.0802686606811,137.48741330193448,8568.784202218883,80.46158339565703,19.398040722864042
145.22632599646778,48.321897391175504,6284.342231234756,34.63635140956165,13.573741471274353
221.18805593241768,43.08258787954499,4051.2529986565905,20.206800720059647,19.31904186907422
269.2889618543264,156.7480208755957,6113.627356144815,13.727295480092295,33.75706788764509
307.8385172072461,98.58752375989694,1803.3513648977246,66.9833964893104,31.89345660757419
265.5207448663996,107.17468833265113,-1.334485025103504,41.33013660482586,50.94178908789475
358.6790281251218,16.891544002594447,6822.277551933652,0.518144640713003,14.979803264533833
275.1762828898083,156.08874626855626,3365.620789695393,93.50320985961515,26.13612880332102
439.1998107571141,80.21135143407061,1394.831759342216,96.39140388909357,35.57588652731114
160.58385105958334,108.51085020556533,8125.401107988413,8.946072051151631,14.812695407980051
287.06667658768663,89.90558251812558,6369.617943303022,93.66693797506261,13.776458968111509
456.61486283492627,29.4108822808018,7881.327245065915,17.578870753886257,14.074341609826662
459.81740592546697,167.52486291886967,3271.4484556438465,49.53838973217578,49.544085632094585
468.3043723888814,161.63807185400154,8297.377130016208,87.67431679179234,17.312539477155916
4.633584240049893,95.41759393563522,519.3565623486109,98.29938883710064,3.2260569202496963
142.28082617502312,166.1687109749055,4661.354593791261,49.391242034181914,35.53092715196322
469.2802508704362,142.97803608110343,3946.1973055597555,19.281139827380976,61.08150240731638
56.323380510077236,27.29903610667609,3859.6874748074306,25.72648802295191,8.022379211341576
93.09953456403386,123.75180644269918,7012.292812039929,56.77812224209393,12.912875717732355
378.6413751287806,29.483145524862074,7633.391790597849,89.7042761783975,8.200861139833235
413.4949126381548,86.56715070524571,324.0088135593811,66.92558534099543,45.51810752487912
92.39060052366999,23.622795106562137,2574.2158658082863,24.8047083667145,13.538531250124937
130.39263853272192,39.5675704706577,6660.688191923841,95.40348226549126,7.273694241813898
150.97291984580735,121.44426477136757,-391.3605251554041,65.36833670701986,33.27075385678328
346.3842952113694,10.436887742490068,623.1360541377394,30.68063420036198,16.953001470235378
202.70830648419863,84.42343916804946,8003.624513254414,70.3557035102256,10.68811294665488
155.48897419233015,19.725845301922423,8203.238665581035,29.50376001562468,3.868755008635236
307.3127240719245,36.81360495713778,768.9034308696391,15.31855646891792,27.316678855067032
373.86741857542825,101.76414327896366,3450.533346596634,54.92345088183648,46.929205841129956
235.41403843965574,90.30297153245775,5808.897173726807,21.841162265732596,32.510578096362295
123.73271465428887,126.79624435377738,7794.783055633467,8.187030647327486,15.96524751039643
223.37398874824166,118.23270902618658,241.97586040068177,56.41687222734748,47.733849939494505
30.879023778341896,92.00507378343649,4302.12703287966,57.270167422786464,9.88804496749963
74.92619069120715,55.12376314069069,4443.244641255477,11.624002218466423,21.581754198861667
102.70074276968077,97.96880997809095,363.9456222910345,51.03753540328345,32.52194323958172
404.34604158861856,76.17662643020337,4375.854510415595,45.6798475711876,32.67731969172119
28.868390466262383,77.67955536413918,7165.695849266729,72.32800798250022,4.089736029527634
197.97435497662875,137.16414195676592,6585.142586902249,57.83112650590354,15.671495060346722
22.644901363914393,57.88084958243861,105.71916506479045,99.41236604769202,7.146650963213949
467.2913994424732,11.595216554932717,8370.867844556842,3.1734871023079037,7.698209385721416
204.43346790962414,129.1873065140251,6775.362987775261,97.8333284924101,11.118462975063604
322.9404090485817,70.62080573223108,8932.13768651835,38.24796188513721,11.265500923501119
434.81014265535424,152.3369083361282,3068.6325711188824,68.27303541015414,40.80054494865396
330.89626906273406,90.60244433836851,5708.5739349776695,34.776988713915024,36.55393374540533
89.23681450205584,90.25942571486421,4524.004125668088,72.78581409061282,15.599366947641366
111.34510798313325,0.5835135507445068,-284.01439044131735,29.836298870298183,2.693202732727082
336.74992888828353,91.46681695620349,4553.369280719208,82.33604373757844,30.33455735500759
123.75601925188778,58.154835477921296,2118.6724140537094,93.74103611350668,14.467708934416645
362.51197295445917,18.95789931276819,7190.042743622347,41.92405984917521,8.966988848466283
383.02673375695167,148.47111247002292,-351.3649345462791,20.608162185021417,103.87378709137127
50.448356546253514,5.640814326719173,5178.956518949751,70.32862668649287,2.608561408644617
24.33816062187455,124.41090118461675,3321.52083270361,23.433927848756163,11.457977158564354
108.63460508877671,145.10668076856948,36.21833273237894,50.38958489409345,34.95056712996655
144.63172567695943,137.05209113623724,6449.416089602174,31.890369636919203,18.55968264678957
298.95883713863117,112.9853594414015,2546.31859623334,30.176443514420328,37.57649651133937
71.63021708166434,110.91568720020486,1599.9060342373095,30.050095375741957,28.785303822748645
30.478818553381082,159.35140284448917,7857.281964156888,91.15776656205445,6.639534383080703
312.99656882416497,71.7696978254833,4208.397481183699,97.22902353436858,15.294747206595037
470.79320491595587,112.78554415728135,6965.143661814921,31.87344573163122,34.50515537019325
208.16231671072234,25.0685581146275,3076.371790817754,75.44160972381253,11.654272598383532
236.75941020610998,142.6892766196868,2356.995978553904,70.75767974879722,34.10543695780521
402.88807996744345,153.67651720107213,4842.666521075636,96.77861885466267,27.06245398093656
278.64337909963655,22.527582177925108,1807.1559028510646,20.33367330600544,20.266316324659584
323.35292577397234,154.93398555788536,7547.767166236313,9.246399652686366,31.364625628326888
362.29235615360096,32.00091189636403,2050.3850846223213,67.36719206345785,19.968053800365357
301.46102249453793,146.76823702624264,1287.5512923611757,76.169641753721,46.557609475337834
362.1526199260746,93.88688001378458,4054.2449614736906,86.94738515245379,26.50098032461883
166.48215540941064,160.7793197684811,-354.32979082931803,93.71597632022477,33.145272068579565
481.0387780572295,19.709121506480194,8995.934066669211,47.89208763423658,6.405438414093647
121.29659092287076,101.53945772523524,1442.87485828999,91.51264595935564,18.622498586687254
276.03964627390724,130.2863321867134,3116.2865715427642,53.3650127416263,44.24078610232115
179.62977777578786,43.942353400739236,4371.757130225848,49.72772931009833,17.666578444161146
49.30411578274002,164.86150075022488,3960.159009214305,83.97311815636849,11.567022069597343
457.16524944874453,62.27842680045142,3432.3366204969334,56.25247274643543,33.94894196513624
110.63704915811262,24.51501580122816,1977.3540441428108,93.47582502963535,9.931351159734044
289.57146301870023,70.15311635726917,947.9083967493611,32.98652859778599,31.607390102698023
189.91988737057707,140.0049361682135,4243.364082508563,65.46079661210219,29.6829995050524
342.42330617295306,43.230895282660306,7305.123427077385,96.65082672503436,8.692858946576582
320.8472271993536,82.42005787357144,1098.2196365396394,79.4975514353634,37.17761909342672
84.63285543009086,121.01267316803174,4139.005051914258,91.68993896943668,12.302814013806952
271.0684276756776,107.82398981463757,57.95449001693635,3.382375716469055,46.86754350272318
423.34869159136116,158.7916026817509,5848.0476622349515,76.43388435720192,24.160082830926825
206.19611120779635,141.54751242665856,1698.6172247357322,70.71695637034598,36.76948558588566
4.570730845330884,84.96313050843494,3045.406580524713,61.7835235876803,4.07557167920186
333.3773647766698,103.57525266216877,4090.4394594073383,48.78543840030712,30.971108368012498
3.3061784960794482,92.67611823309116,-387.41580278502187,52.94176468416506,5.591340383802973
137.370368598916,164.21653050306196,-337.1453227769416,81.31572209139098,26.42203784560631
337.01647605960517,135.43617342316804,8142.846976988278,10.70164286944929,25.440153308121783
48.15694512570423,25.014777604362088,1323.3545414203254,52.64559854002162,7.165694860587264
407.6071953566413,44.910555761674814,3270.516013731679,37.305158346368216,27.896733813263413
203.013704936943,94.9203666512588,8907.213800577409,22.58572526274222,12.764979555836238
342.02081273519275,142.441673141298,5710.489335811954,85.82191590211872,22.374734644470056
379.7929250884224,15.708084911754382,3103.008211278251,55.27014395296953,15.075136186162396
28.05746956448285,1.5876290058939437,1128.1439645999526,49.9858393112792,2.0084627971202784
216.95482598583115,131.77522021273867,4875.637965534832,85.79603133636694,20.306341342021128
47.680917735365036,88.73074318779686,-95.75830263807148,21.14170558845472,25.348458416652864
434.0584452908028,149.1091235817949,4017.252732630096,4.656197074174329,53.11075974388996
37.174029962825536,155.4982480935951,8043.460683217581,56.350986404798356,7.675359659222618
16.450890076735945,156.03274869078277,2487.604585653184,96.14691898760059,9.780036959475002
293.51805204224416,126.37875093427333,6270.758299518918,39.8296020395122,18.070933604958068
38.468745720672935,27.291642120070584,1784.4858458907247,83.4650560091752,5.449964943708059
194.5783036836794,150.61632885645693,2651.4334764073715,75.56092645208923,34.77612072232081
69.97529711759864,166.0642969295693,6379.553915895991,50.07928516377251,14.317556785455114
487.1616637179982,9.021000567162124,3652.3384020132426,83.86746576131749,10.926090879881679
170.29637323755298,129.1929497653943,8571.154770689325,39.67030493089595,12.277797549936329
386.7774580656612,4.977110702787739,2096.6067719735747,99.25858784507973,7.119204542359922
245.30172805539664,59.77628121458245,8440.857027221891,43.18479462395447,10.910118981585304
339.84742904407943,110.99288046249907,314.0941175489895,61.861589025988785,59.00434440746165
399.0275869013733,119.8022334899688,279.3610918949113,15.422096386551843,78.6376103215147
355.83857738930834,106.49534816979256,6526.725245277648,31.667822868153618,30.658811643027875
53.27545885563056,0.8727973581650597,2428.5408237948313,35.99174973468966,1.6133664220183712
134.88322161969324,22.261176755025495,1280.2219435148336,44.88436770214514,13.541788284588709
277.37000030443386,68.5514214139671,-250.5119118736766,35.39142873452589,41.61468542211645
46.532130229937074,100.47135802943784,2582.08814043792,38.523791739598366,17.697486845552522
145.9236756481605,65.15032597557014,304.6454108209639,90.11360448564331,18.80020550764317
452.6037871566794,164.33307475433307,4933.624092120625,16.95829233923255,59.48928020937198
190.36601174437158,23.325129905182017,2360.747021063153,49.31239422107847,20.38664077774783
31.633575138477198,73.02561323614115,3500.472227838981,48.42313139339285,11.271355053255288
38.460680697578574,42.28555594853568,1842.6056492965276,62.50336877688947,8.596850009780626
296.90319901953933,32.85210177988376,516.237492018569,30.465799575125697,36.35004371904906
474.41173119728256,55.81249217235333,5391.825784809548,80.40764619573825,19.542559154505447
164.7708581396301,56.235685589488774,7247.01696502853,85.95084671008351,5.920734391137321
487.1126882523034,22.868911225148487,2546.3189760633327,94.72789220161162,14.325439426096091
100.42574435103585,52.78279124083415,8663.458919400542,96.87252217466956,2.9876914203357128
145.7240757900266,116.75290496891449,4164.569472474972,57.58792816249606,22.232737041989527
121.21214839028654,63.17729079045671,7256.697896612674,39.29351297394599,10.932803954926936
56.94391180599906,94.72688544963604,5126.156825378662,54.56290854508221,14.86025074889098
340.8563165650438,92.41665837557544,8553.543809119812,46.16222228331485,16.340519611659133
354.18352562803176,73.66043232389664,2267.6464758603056,69.28352793243427,31.91600737862726
409.48278400222927,133.67034844732035,3386.845107326564,49.93032152889603,54.727635094661345
316.66801982683177,40.65955616869421,5757.298201057022,71.52363912994262,9.860076926801199
394.5383816100315,12.42614277782446,8911.655837151196,47.92346997726262,5.66603162703587
200.40254866468683,85.11092402895751,8243.725752543809,69.17088658981076,11.80723454323163
271.8226016937388,132.84111406427553,2915.530183654469,89.5501515360899,23.85804546727916
268.4529930122939,107.21430165782131,307.32837348438363,76.89540479200406,45.81720038785845
328.8008222903828,59.641481667346255,5646.4985558423405,4.429669352784959,29.62644797867829
491.8041029759914,113.81527850518319,3296.3685891382815,75.26827777296057,38.75664854460499
482.85838885691413,72.31653137355062,-399.7961585464903,25.873837040365544,70.68947049231649
255.33812026252235,87.15802483069072,5014.92380747804,57.52353982704261,32.17619367807299
222.8892757524534,65.71054033782048,6837.251208393104,58.85899565401472,14.765608429692485
250.23289080986726,57.95452111671907,-266.65479625519146,10.454935800606169,46.479293256283505
207.9877142628563,161.57028143423503,602.6587106102593,94.0676158146193,33.01404677467024
70.83758841577415,52.39757777478696,3825.6600346458326,20.68673262083145,12.553449771591298
241.46299938969423,79.99530524313947,3662.576413593757,69.6763265523666,27.34987127523436
159.45473710885022,50.44436597456597,7196.766400727632,11.508526669878593,11.562268212225185
424.59000402345487,108.8589461026559,5932.823662463398,16.435409285070325,39.26147824551616
491.95023529413896,40.97737502073477,1157.3057118292725,16.01357112153593,42.15611657207672
279.92447624493155,161.02172045130354,1702.6277004083981,40.50474362802529,59.96671070906684
92.22588757569683,107.60045127889312,3605.277298078184,2.919227434239058,27.86758428439338
307.0534686859599,33.15050521141738,5125.930004423499,38.88357803557071,20.88318920800455
352.3678079798672,34.57179253371008,6647.09220592467,80.87297886312608,10.58225778393604
31.281875734582187,17.094344186159923,7783.803635093909,18.69598356320934,2.783934820579645
162.99245579940924,76.86847093063916,1992.3572567974288,86.26365474573073,17.44910567273145
263.85750981389134,107.3702423919133,5171.222878188438,61.13084211390019,24.096987485502428
293.50235728260895,58.45133908937474,7532.419125360812,61.736267933642495,14.00124864664421
406.8691271304669,118.60604463892464,2325.725929643843,61.448451571291955,52.66298725478565
42.3759843115139,22.50322530131939,619.6857002857387,30.53800025354989,8.221182872622638
91.52225916574174,116.49733900836284,4352.836260128029,41.82391062112586,22.779369281601326
68.93364926727874,64.46327375673141,1264.6601432812736,63.550164205863524,18.84123321208562
346.71646326467766,108.40369597343167,8999.045749349374,55.49125758324974,14.881098842926527
244.82101309610442,23.569817896429903,2488.5101392780207,45.100097074665115,23.0430029590325
26.80563131541841,60.31858092478996,-408.9573241488283,13.65347146624959,13.151514000186994
407.6079703269309,161.92328702170988,4301.661187441368,49.49698478664036,39.05166940272181
342.34833527999325,69.8259131260508,7478.972119961616,48.86995119396856,12.680544398394865
41.33531289323344,5.184598548024807,6730.03787618153,29.20899095587066,2.6278840501536256
137.426459136767,90.31824785840966,1097.9852856474502,45.7321387273449,32.98568537575867
371.25912596489354,128.67448523054003,4722.398753111488,11.321099529202316,48.06861141146632
57.1033256794844,130.21898868115125,7321.186675976883,36.68617721054209,11.226930151495292
411.30546389813065,6.990567741399198,6330.312290735412,54.63532747219646,5.970352536724298
494.88786393834164,17.205961731419713,7385.671807154127,75.13454947436722,11.889018978515496
148.85446755144682,167.8845284388565,3772.4572568889307,34.85769768223138,35.27195442628866
408.3642925582193,73.76374376839993,8942.598001026863,77.56316498807736,10.995069582099285
118.47302768334062,136.1980564290209,5085.2770212797,35.063084111398965,25.976335622482544
355.37697974689974,106.30546599575926,1076.8253680574626,13.923496592677608,67.8989527968754
103.30982809338668,34.766377086296686,63.89941957374049,35.081547895283094,19.521685579508237
140.542509395099,90.51311573600319,2574.709350619476,70.40537617551885,19.512312290909286
144.6666217324718,44.91363513471746,7651.160026989447,98.54883022617942,6.242815342094163
339.649657961655,15.997827520809583,8646.333952441024,78.56910482912973,6.379953956910624
459.38435591491265,166.73768590830528,7736.952109120895,12.688816861381024,43.57616316432886
433.0393974955784,41.94577664560748,6258.251063972106,82.84818026986326,18.249843589703403
380.7367937399285,113.60740502159094,4149.857896198559,57.742552930416146,34.57889171701229
134.35857604374297,69.58981501332633,3793.9213642284612,63.36277633502977,14.873904366076557
440.06254065366176,15.639923719159722,4398.32798483314,27.82256878517837,17.18992450706738
468.1680570442876,62.0039572446709,8527.413749221134,32.72892801609303,16.513015618850194
1.2365425709923716,130.05472879353246,6460.878252125126,73.0931937487053,1.6878616599403578
229.22462833985884,111.57616189974955,2903.1159287393784,6.333068606017466,33.80116253427765
267.2122321937824,36.59542908255459,3581.6094565097433,21.185146640773823,29.46868347418996
134.26841915721127,139.16172766419973,2708.67397412248,57.79336402609515,28.34106047714765
283.07105545857013,81.53676787342886,2765.526395249882,68.25519260932059,27.807829872759477
24.204630575861476,16.728556641922584,6946.952737485399,45.958176267356684,2.16681445353535
62.11858961519923,144.08546878800712,3692.2165143260527,0.06759315121042109,19.02694748888527
479.01588465198614,33.989458674763156,6041.622878159348,13.191308738401354,25.899098720581677
324.99859967032637,26.708213768177657,8360.89284589628,27.401945809528215,9.769219227966001
327.29398220939703,42.06539879625029,3032.5157926442744,90.38002688356579,14.961136014218896
82.7625395796719,66.58538324461517,2402.3378260201916,69.94413715245736,11.993343907814142
117.07192074220973,110.12151836843387,6185.13137775842,0.1086303691723689,20.35599379018164
238.40335413045705,22.29356506271775,1648.8131838643571,67.99827251215791,19.982648438863087
4.64347380423008,116.86031402439218,7262.535755676336,98.8154909464272,1.7540818304967027
211.15696688752993,22.20542538355022,172.86890130486495,38.30699256757727,16.239973092683712
365.38169088198555,17.20776463551712,2476.839035688609,88.09889949802707,13.075022471692254
68.5646473717728,129.94136125330485,6654.9991094151455,13.314623118621217,14.707702099217062
496.4700776231925,23.999315228262166,4539.828627193469,0.8474741953009568,15.588404332587835
325.01010657890345,73.93670269101511,6363.104250461062,62.80800383409025,19.329387167116746
75.68706542214049,69.16726225242591,6022.378613819529,85.99625246021499,7.725181552027932
43.34401673299426,16.878138896243314,6648.233642205548,58.95739177615131,3.6711251219704133
192.01595467156037,161.82578337294837,2487.784847730609,13.983018880923371,64.00967511225112
138.4838284724227,14.153784287661761,4757.268001954936,60.00078672258529,8.476584112223629
303.7965494577616,130.86690162222766,6059.522712639211,84.7892104439959,21.258162175276826
329.20268504257194,50.677088040969366,4418.616714073756,50.952256611471256,19.64264765229706
373.9218204906248,49.6510646086672,18.406744644903142,89.79125603569896,39.92242775516594
477.3357556735764,83.14113695046883,571.064794736181,49.958254127265754,55.212031175090104
296.9648840688616,88.75213215727895,8788.121004511688,98.68825328431889,8.792364044381987
466.96220083710796,22.173123963093943,7677.733037399101,56.83803887729609,10.287700768649747
182.70623142404935,114.7342642324076,6745.896410008065,95.44529839408864,13.341711476943928
385.18352461230694,2.8038194975038424,141.55940809128822,26.218527716206708,10.608681433749515
19.91343096859488,10.158768410818556,6998.254990434368,50.6610604274927,1.5842151477629391
314.285348030288,84.17622620518861,3446.603946566318,70.18106386235164,26.687699439094068
41.21390596232294,90.14288909976258,5352.447028834106,27.746773573456007,11.240867484016603
154.95344280832097,85.89918931361568,1430.3761925993642,80.80600809706533,21.4113521634945
268.19508644472916,65.64289249868274,5525.795349855938,83.45264691847527,14.481095601303208
340.5278423546052,11.107334048364118,6137.420875252167,72.99583774315414,7.5545460769094195
423.23405757038813,9.728198595885912,319.02158471914856,43.44835886060191,18.072888540729146
226.68592114857134,102.28384394381052,2438.255606798499,74.16935090575542,36.07116570917219
370.3290901170891,20.066425160525093,6225.055767621934,70.1499611223866,6.325502680621876
81.91631546770378,160.1067218947892,4468.550945919878,78.29871015437459,19.714601627080988
360.3827590467295,28.04977630431998,705.8407710706858,78.11239799369875,26.321377354455684
134.38224320462282,148.9176796364302,6828.587759651434,2.9356251172803494,16.18894988366809
403.5539233286849,45.69273996358743,106.78389666990665,71.23232482004954,31.584475226849626
288.325837357092,12.947765256112739,3824.378887954561,36.01238955217533,12.462512860695291
249.80500288069163,95.23686954405957,2993.0338896397116,25.51160810390781,30.752887131546203
51.4524575109348,96.41726727226549,6366.394546595731,22.840442315325106,10.094453927851585
254.4124424553234,7.398368420152003,7697.820701574807,24.455145035670345,4.478668214319427
235.88229478886907,64.34055169372304,925.8043482909256,93.11600771571855,29.51335188812957
428.7425988739862,92.88128446730524,8182.502860450726,74.06658281065769,18.02798088306517
209.68465218139926,54.062738431306286,3454.4376857624957,72.02879214281971,22.31803900371397
135.62897900490833,13.08502775444121,3041.6775840096825,50.204094255958275,10.076311343963154
450.9705046291357,30.129850845747352,7141.211184858189,98.14138639414949,7.825776017468574
477.03970373021383,11.579641545821175,3918.394690210418,28.230687062090244,15.318366257696093
422.423252130664,54.986554849987975,4754.368255578642,0.7969173557455522,38.14019066237992
100.33557672647791,94.7195324584634,2387.138419046788,62.271752389210455,16.931997289304103
231.96334529024963,99.40407707744912,4186.926420621407,77.26132629505244,25.994264098605175
97.71121193641174,151.2744739340391,6724.581093056117,24.512687437658286,17.67212655800372
3.1889413759020324,68.88606640709133,1713.4785476675584,34.642369773940615,3.8176749993976573
419.7870034480869,147.36936719426458,8534.407490362712,0.14620405355777466,31.54880548332618
328.6519250879989,142.63300594685887,6408.542870889239,10.394901935155964,39.81020653819082
264.90724453000627,40.01215587950543,4174.274330074028,5.989507565318963,23.84169668742531
498.47963505377425,119.55761574961726,383.75306440183806,92.12744029721064,57.51413214357823
448.6437359657296,87.31954870666222,6158.045642137456,37.249197407408076,25.605514187761223
487.27739508412554,14.26360614277024,407.9815507051628,13.351385025095697,31.55962534867098
409.981445947108,12.571521367419418,4894.296918747478,43.49828784349853,14.049236248573779
482.1091373663704,39.777651436638614,1979.4139197742952,31.50089154097583,35.7903772885465
400.4084109997476,117.72190186201908,6485.852253432497,31.80577192661006,34.35673783972942
135.9779359162272,12.547489214816594,1425.7699496527202,77.99369824688628,6.94284023817658
292.35401790206447,26.108972622085368,1061.5623166477978,46.60551124366618,26.756062642353886
203.25627595460688,90.03532424712397,8664.029861377174,20.763622561035355,13.037726788518397
154.1538591062523,44.521331721670975,639.1787853762389,15.761537706551621,25.60250059329106
343.0274214752576,138.83296357386115,6120.340840752226,4.032980810866338,47.25177628959893
417.96237549399314,55.06933469264505,366.5225860178118,24.82187894612551,44.28586112975015
177.87137775214185,86.26122546362656,5933.242081396183,26.01667927212239,16.729833887864732
495.3383102039536,5.221791684271605,3341.726151248159,45.22011694010627,8.407561071116628
374.0392236043546,41.97524154122058,3889.41086432427,80.38967534438501,21.367977183919404
69.89651963656118,2.0087630924613826,7388.537152999042,98.25672374836216,0.7348524874887659
65.35761877198898,138.37713375164378,3036.277566251978,63.02975486038245,23.72149965717644
322.34250785425087,97.83039863756261,1958.7961972919957,81.27470916136144,23.369394476601634
10.900091369306363,10.83130205588084,8073.7127783661745,44.343132383598885,1.3711593836798448
64.39577449850226,152.05309902386568,7378.88368356547,33.15498912522767,12.875827333658691
21.348159545215406,77.44714689632603,1095.897482926036,57.38841998067228,9.989338535691617
410.8427007661419,66.35977962128246,-219.9182164972309,68.32129167516828,39.04736456423099
86.40360591539459,36.07230580296448,1277.9355802560358,27.98545542807238,17.49910158186299
441.71189944681305,5.8211065468929934,5382.17721403601,24.578477924524545,9.475047509477136
147.55258149985823,69.21469065775572,4731.5423194378145,6.097906893284277,26.811521140652957
139.88799371948568,23.055650878186885,1394.849163332573,88.4652516224965,10.95781544573615
262.90702912638983,105.96673732255891,7120.596786325711,79.48462443018703,16.38822035094052
494.701807880767,131.3618488300314,2911.565043456868,54.45178060340516,51.26304923491967
242.33974272025415,153.32973878852565,4272.735927665546,38.83812745693004,38.390447920113814
89.90793684893461,53.571431311335765,1580.6917866943982,89.57647816143137,13.400719609547284
389.2691406642372,9.843326686723913,8919.547572590423,52.943229196543165,3.4698687879416408
383.42108422513644,167.93376546430613,8752.80868646827,10.013433730495757,20.73107854133901
328.4322106881171,44.77653617903475,7254.70903528298,91.72594825704405,11.318794698222334
27.954327926224877,167.3938641490848,1584.410067417286,84.6505090465133,13.522175147932233
398.6953436897044,59.60717860694686,7472.611396906138,84.52209023662807,12.830119401422653
88.05018378999502,99.54327754247734,7158.997140914189,69.762656359958,9.66738804803763
456.9900020642672,4.738703714162724,6155.327631838473,94.75587350700152,4.890939271035757
281.8032433915968,94.60229366515509,1288.2198165999346,98.8006210404643,26.083674282451334
440.81317994888013,82.69408961442808,2436.004185436586,49.043642012747924,39.11215531010937
45.12868842545142,39.080724157984164,1578.684946069984,52.64485141485109,10.649474536220032
0.34174819191540307,154.20655923466862,1413.9116418453407,13.048954561918258,1.966043511227482
358.4688163454081,154.3551722676106,7520.698821157682,32.35888113048372,30.69894463239355
10.956448121786144,98.55034141532319,8213.629401070626,77.4366498819892,1.8717741466465534
423.24044378956734,144.59247038738053,8625.308127619699,37.35907800833732,25.970486759343643
470.96160673402085,66.46005447544752,459.80561671652015,30.17651537254691,59.47352420252183
68.22583442874503,26.4606528508301,8512.588554250073,79.18425249998717,3.075461370032949
480.33105018436913,109.06228462832875,1154.9253740775412,96.87428963331676,47.08845693846572
346.7801991462715,156.04599510955146,6976.42202965798,22.323721398064244,42.33370376148092
294.4750778915518,29.459073838357096,2414.8206783306014,68.84984395989572,21.670464350587626
63.67418236176775,122.44360059724784,8513.486990102232,94.8698159849903,3.875928376514762
195.80071363880097,167.03956593200195,8669.247432731734,3.2382742927087427,15.878820831651888
301.1943337254856,154.73442035823734,8691.551013351387,22.089525043701208,19.099252090321208
282.77512306016024,157.36354931711472,836.1119974113994,74.53433281019825,47.53491903850102
118.99796257469846,165.03978202997996,1094.9304591400494,88.53202533951374,29.42895550662198
44.36300628506318,119.1062566083977,5571.4755350963505,88.66535152178217,7.510145068545273
223.3149670488969,44.5556900145632,1870.6381997851486,6.779478006423378,32.21073240201385
128.3289707713574,18.149813004057716,-487.82900380044566,38.59370979534099,13.800805923272577
366.29224724938433,162.8091066177551,7903.2439770786605,49.308199347384765,22.50012660922072
189.3562873871295,91.73202656998032,463.5713165526553,47.94892503971605,29.21700630052713
432.0253602342884,109.36288660306418,6028.023840062588,16.265651174848838,33.349000799436965
36.85469478068709,142.08809731612612,2301.6318246032365,31.871690795665753,15.1086424489837
475.8310657170603,12.465667496798766,1115.9994299363118,37.54578840799964,18.635256497440444
365.9925426356584,91.90377144685488,8032.1796446397475,9.310468538068662,26.438988471876304
297.01527202604746,103.09231393085416,4085.9994716405427,3.0993204052174983,37.70026614905344
471.2211290509819,27.71952872000157,7952.656068838414,15.710377733078406,19.547860841896114
50.62890548666782,34.53248008861344,1304.8504470896617,69.7196703807357,10.033800285093484
361.01905228783784,122.6356329526087,2020.015308824777,28.152307344526527,59.53667748061021
118.77414247362283,8.338754430469656,4931.813174648545,83.9854504845651,3.6338112062776298
76.7949672583671,60.61925876618187,3562.256595734278,29.454944896621484,17.469485807621652
331.0101130049338,100.83620870631316,1396.9106072289903,2.5735692731685744,56.03890164237514
85.41609584611155,49.024326295746064,278.3928997734273,84.37690743469366,14.30154904794925
154.1767000588647,66.77451454936465,4146.419715146244,66.10400547460048,23.81100860282893
45.568438775339615,91.41317290890629,1256.371595149449,88.54926927495389,12.212941376833978
184.70083246597252,74.89024549346897,2001.3116834874004,46.505795615465054,33.970482393058845
113.12114014133346,45.118414869855535,85.57401177094346,75.22351421152871,15.210629725005003
333.7342295672842,14.398828389106072,2766.0181721874437,54.144900600602206,14.928828912861203
485.3527685867879,99.07404230700539,4759.218108500134,84.07971664302505,37.627710239549124
409.20260743268676,70.3301885889877,4587.386913799832,86.68940137055623,20.840724389975744
237.41219406096,148.11785006216064,4024.491670273952,7.895504977408319,58.90370598144028
451.38860066957704,120.00335745390046,4269.963967998246,90.04550614715919,35.29534753938762
400.2251683603428,113.82586077677308,5392.594586318379,12.028187475543328,39.29188568430873
378.59437781959673,29.043667431491066,8851.495907366763,97.21648783377569,6.176875789344703
404.23036065968154,21.199247771274678,3522.061543498195,98.82799363369156,14.64833306697606
217.69662276625363,167.5412300988343,5458.64901620778,83.41081186760042,25.78308312725432
128.94317999388826,153.01515360290784,8184.652400536574,6.7011953048612405,13.050416854146867
194.04957650737538,66.75563905198203,2598.2046510124924,27.62008199072493,26.408278497409356
229.07859056130758,146.7423305666232,6972.231068863832,62.305792858880814,19.9370224065427
261.2810052249046,70.49176414983842,3437.202788305298,14.819974129344459,34.25281736917577
293.967066640694,127.40740116008905,8426.674857377544,92.49281667592734,13.430206004116467
281.34187973866125,16.966394394675376,2217.882113464288,53.56334811459167,16.31638829713167
171.93458928873224,69.02952626626904,3138.9129923320024,48.55847922863307,18.80691616915003
304.4810759762176,6.294232643615857,2116.434349330161,14.385267062667372,13.629970903172255
304.3276320428135,116.53509053207146,-131.5659414229467,88.95742139142575,44.3259084580153
165.74703786713536,39.9133213779396,6584.623288471793,92.08349829061653,8.385852716453877
448.51568107471127,3.399125283669676,7265.166290400137,30.305495344809664,5.959183643545727
140.1733265923208,82.59202784436526,6113.737024412261,9.821739027274123,22.003031648774137
434.4500125495993,22.576767522698,8755.08453373145,44.31106133314289,8.877890160741284
412.9116658898753,45.26255680947229,3459.340913201136,64.55548114276442,25.18934574991181
93.9678454463057,35.5136043537908,7327.709625423837,74.09447989200079,4.172609830523681
379.74664761312835,145.6877470524379,7299.665227785373,51.526970260955686,28.566529937222857
79.48622131950023,52.26867967253669,4314.555114747277,13.56498210170598,15.362838608410868
425.6476704935961,147.7278753484558,-224.992486458236,19.27634468315582,92.28038404383828
416.46496653827563,140.61208183826076,1870.1574825806533,45.64486671280806,49.09674751698014
459.0155346705581,118.37850279696613,2102.78623550641,82.35062916891161,36.511924294612754
252.56318746858193,106.7488479247418,676.7921594616498,3.0563192381993565,67.93444300792248
186.2333807676536,99.79932369996142,1187.0450945566859,87.04807719184629,26.53730123017267
293.4401242112134,58.75966347630196,1053.3793379195831,89.44919203121954,28.07642546471185
374.48056724246663,115.72689031948032,2208.159076130238,38.65656707409847,53.03784387734594
81.45370279931025,96.13935425141052,8666.717287421423,85.71111874383023,5.614014635035475
323.689945880741,113.85280134328309,2056.2940030550926,40.950719649554216,55.60202907353075
10.026178749762193,131.0910155957881,6791.940919912588,0.8897986070045771,5.651737099174516
455.7577190261859,108.75842110140405,5210.848529698071,0.8463727114871311,49.39915879003095
126.19522068032573,135.2543756248417,2401.867134653289,96.70244433683767,19.36460268951301
321.370155645082,71.199542510816,3076.516796574507,34.870919927208135,33.514613316752374
125.99935463893802,78.40526660353224,5933.363485679477,82.43108214706636,10.967621620639934
198.57626998606008,17.188433298724828,4359.380315948867,66.23554525262523,9.954631080697384
421.6419750428886,62.87060021106001,5649.750140613608,60.90501046380168,21.629816401301795
149.2379631266487,18.161561138421703,106.45201202254418,98.83609658217671,11.918285627017104
320.2973728073279,144.73058884230753,1980.89562530172,71.10937755717917,38.64219479072974
446.18689884046637,50.19690680238972,924.328315364487,76.54743883036231,31.8767342610003
449.84352237274743,135.312210202433,7122.45557230171,60.003330114557166,25.694695497858504
330.2651618405645,114.36696606508013,6352.190377129801,65.54005704624416,29.198470305272295
498.73454978914793,43.58361381561414,3476.374017772745,38.82749210054583,33.566699168193075
17.659502413212124,118.95558517514635,4934.403123349991,18.99151604113507,10.94007964088736
363.27493829045176,37.35701658801318,4579.033464670025,78.4897055296117,13.17967278574612
453.26325275252736,112.87390396168469,4319.491128264745,84.54192442445952,33.65384819734983
420.3193472982,147.25112376947456,1220.7906491380072,9.760306381270933,92.71257019557375
63.97206984802667,43.45351089411493,7179.266756853466,76.29182183193025,5.199665515105628
91.53417850629752,114.19167804070796,2688.508400448628,8.92998220194392,33.90661141691848
177.6416980599162,125.02726812959175,2417.310077655981,78.80904368075993,25.64549668301586
165.65856848538823,43.7739515481582,2293.485655678256,85.12138882114103,18.47426147151851
235.2682838353401,145.55408610834667,5043.958887554515,94.4300984000077,29.547157227912898
35.60786870203791,149.42357832702515,4254.535057680691,86.74977546982299,9.758395271805005
190.83460990279355,50.12376664133383,13.588721104463616,85.42397704033438,20.06600981471758
68.68262958656196,33.64982725358411,3387.3225441449886,56.94035879734539,11.612126489743426
453.3104672530638,76.87200075433893,2505.6428476627348,71.5668456110036,45.23734298748052
389.4705887169073,81.91358208568205,5494.811336495604,17.682426656346074,31.614542155863532
317.24948457633553,0.7918682392309666,2098.5146909142463,76.11932812149992,2.9246540073577307
84.30287829145384,128.43326767248732,4150.982360985156,76.35691671054992,15.594885502694604
44.0206718795223,103.23259610581039,5518.131636674644,40.33934803979504,9.02011427102512
482.66392006501655,64.3971585689814,-141.60947448808912,19.941425122811694,53.191666215215825
186.55070271368552,2.364955945738198,2561.024771556656,83.3228666566564,3.157121011941259
95.28835497020228,113.69368780175449,5453.525822380414,24.882312287588192,17.095095705531882
346.7623735851986,57.85076204263791,724.842604068876,38.35504763076937,41.14624197811685
294.33534408403597,28.059391461075972,7326.5163819068985,29.820225349413874,12.234623212710648
145.4138959047433,122.27576112306456,5165.514226847273,33.7835151207933,30.199364547086187
443.98702191852084,167.23936485109198,2755.9619729468195,90.13837761445245,37.82119564105202
179.62544318331618,31.655573693666064,8506.801360215955,91.82054088414334,5.409977050955132
201.69582225056266,38.37427185241868,6408.103867295053,13.120577641718256,14.469149706598609
367.03830965576043,99.06839624627258,1105.3550479563976,36.65914513998485,53.99556425350278
325.2701900606124,6.277055852356004,7827.169307195025,25.578917392529288,5.946773967133586
267.36671709692024,8.162609545731858,8949.462219742116,66.19699158378947,2.6405264355744
326.7838092003763,3.3166167743763877,6052.622609585548,41.677556517954386,5.320348623152079
190.1268814638073,91.94344063445949,4006.765214113503,15.312709812443636,32.246452958045644
347.5960146104545,105.89230514737339,2360.6063201895267,66.16645760907221,42.6921040890799
331.24148294444836,45.35616112224777,5253.526200778039,13.716352297980894,26.004518889432408
415.3263602354449,17.625591799216284,6328.279132903595,11.773456843723928,20.313641676510507
57.00627634212396,17.852302995474357,1387.1432862096808,19.97493861463585,8.839748382264863
131.49695780686594,87.88854607555355,1415.8953048307994,70.34367502462582,21.776005228786953
147.67560050030647,6.620158881599534,4215.36977699688,20.7693984271615,6.378051606092862
466.5621723259387,55.54140752104584,-473.9890089547694,67.16331324652049,39.1233023783523
453.440022134896,140.3190037642245,5855.708339765581,14.91444926667661,42.07366375223212
45.04133678796224,85.96649829006269,6373.85436053555,10.129047859295737,12.733890567569608
127.94605137533243,38.834928130613314,8892.326342197239,29.602217871043845,7.5330003111523975
232.13867861807418,16.767897729679735,1159.6671849812135,3.944451996869358,19.438347559219682
145.28358861883973,134.66814525199516,2470.7175161462606,73.85401957921762,23.640298711296197
47.499235165290145,127.37827281332804,-64.05367261255543,85.19987250744882,18.46400255685651
331.677513745422,28.64606242787106,2896.510340258571,43.77145167819347,20.443431465858755
310.9035166662536,147.58389028277557,383.03749665551186,81.49642895364964,51.713113242914595
91.43471015182136,67.33062239916649,8641.944336422663,27.183309075019015,7.77610590134247
192.85774487965713,142.91282511014612,7099.041421015026,64.88464838722638,13.867790234941547
398.45477851770346,18.993501471444546,6113.613798476052,5.864639566517738,19.888125368320875
471.23349399995004,26.778426777003705,3452.263307993517,59.07503029903385,27.650060328700082
401.13239202254795,113.97004688986652,1221.97532510437,37.97507791158876,54.364718729065785
179.2994574135483,4.841126567965219,6002.409267123991,83.85364765471117,3.1368664469246106
486.7222901126846,21.950095364133865,8243.780863561975,11.293747937376741,12.599482027518725
205.64213186758712,7.72335066378456,1985.3222386706539,31.42379448738709,11.34193040274947
352.2840882403115,113.8920587313876,6791.522823754148,57.66490081233795,26.58730898657466
282.5061128436957,164.28645366853414,5863.521403035997,33.83006417684232,46.371018437284526
261.551587612337,117.69747096198913,404.80031529109976,66.1713262845963,42.44949175176326
124.28849742535381,58.08591389286062,5924.8078993956915,38.48766174067143,11.905479261910482
419.51651061489366,93.80183176596756,8884.020435234033,5.456611522767584,15.864175598911395
321.69935827840646,26.363798714692525,7564.032960372007,85.18711514460662,6.841631352936944
434.70781730638396,12.577360736133443,4170.655630871812,24.089181669723114,16.340436835148115
485.0725243917001,8.458920040459383,1615.7119701035908,64.33173148232518,18.374814821076075
201.63849673086142,39.47999999853624,3861.3986501082345,80.12612877267222,12.936619261640775
224.04929283268694,143.9069896619069,3747.147139181081,11.870685205363285,46.41552902842159
248.6866740332505,109.76666452724646,475.11155406144803,41.233854767554945,48.304562201207126
278.56550570241654,0.028512200360522044,363.50769565955625,60.42032760617975,0.8637894256399424
309.53307687319113,51.172456961412955,4329.208533034916,20.685124884989836,38.5130304799338
335.73718538957803,159.65966183888543,2951.7535369132042,5.427521330556784,60.32536257782312
111.4590571981573,76.34927707740216,4821.433028507648,61.97579696770843,13.682753385217485
236.56684054679445,110.40409068043145,6301.178252689975,11.40233583557383,32.64900204726755
379.65997553955856,37.25351411379192,2742.892588479968,82.98838856344013,22.82421792402232
482.21684172717,49.053238719791295,4458.858322739291,70.20960532599854,31.023380258579664
22.889054927517137,27.57810177450566,834.2672795613641,71.68561126478828,6.2737310683431735
360.77954772565795,17.96953292727919,5303.0917783174955,18.754340053160334,14.962869143069067
465.10812957657265,66.00661030574913,3841.937078783395,78.14204036487547,30.55132100462848
358.39395723467146,18.104645544298656,3437.4682787191373,92.66265305373108,13.898904286651524
418.73311874323247,98.92026612684742,6835.379149553673,45.05045969589641,29.81323276259269
329.22834750010134,160.63997403312618,779.0421370910115,49.882864210261125,66.79678003596628
265.18217375954214,8.160029746160076,8385.4286679007,83.88161106789165,3.740926219484124
241.46598176796314,85.39992704407639,8251.041983416111,17.72024385021456,19.021618718973546
289.2771928520883,122.72310317278667,719.6269294899892,38.7405579220666,66.30252041561818
300.27301090270566,148.2929050778579,4289.046133855062,38.46626387437041,46.52348394651121
489.7503801025215,153.87292060511268,6742.55923448703,27.359587995611122,39.57139342840736
481.79676883987634,163.0425971852329,3802.034207772984,13.337183101609352,70.61690980129043
206.37273640380965,117.60239986271702,6610.055225840203,29.891313495542427,27.458678110097427
350.7471552036925,144.59886774969854,6262.806385753878,93.55120774625357,19.608805656807068
316.29164225363195,33.749365830657865,5429.592097451187,29.057949547925066,19.826266141730056
172.64679044929053,112.95878379262126,8822.687214231239,65.0086387806978,9.366249732361778
479.16322640259824,84.65409775926595,6095.9637504096,32.23813974138552,32.52626024116665
57.70262614181271,59.1759508137634,4063.5142627109544,57.06381942530992,12.735789888036514
333.5786190261082,70.13629276508767,6604.752872077576,84.13893024169117,16.00935562383817
142.96399011268178,142.34658335865223,7178.895403603612,52.272998620920234,16.712272282417565
12.636070627236041,24.41488755430965,5867.414698285947,19.99024172647168,2.50328853492581
375.0925093350269,27.03714624966264,2222.8477075115443,25.0561007458183,30.757417754006955
419.69090723258563,116.01993486115369,2303.835376635257,75.3593948045165,46.97819184717379
16.153191621163575,136.75640454915074,473.5600602107777,86.80353736544103,13.010126649782713
369.74624008642496,145.29336951437324,6552.920990792175,56.12705527908106,28.193355351238246
118.79773628310225,131.76360504230894,7088.806648650919,28.763865450722026,17.741582126064216
332.2467842958118,155.64944827635497,3181.7691620989076,95.67019700118267,34.91746927672132
487.91136102806314,52.52586879029854,4745.183676564104,1.2965237674638308,46.095280666289256
125.67056418615286,104.25436486279064,6918.786482320911,87.0118092321335,10.56320674312264
414.99174097757225,153.12971134838807,6193.976154481484,64.76323855500006,33.49565139422733
377.55385260427494,91.83134296580853,5232.176284242095,77.61467451223322,27.226677739928622
482.14491156301534,49.42185726315458,1185.5460356385001,68.26588517015352,36.24518884007364
93.48829076616182,29.197582151691265,4381.545101358452,37.71982270526456,9.72407938879889
214.25390720036714,93.50856826001593,735.6320360960367,58.39860576839312,37.22837480743138
127.50807406621101,55.53454850870121,6242.048315004983,15.480569779828624,16.864348471441325
76.85169178481488,54.20184502211136,-16.87330864534556,93.23818655711908,11.214317770991881
307.804338049665,111.19755544210976,4160.233940959927,57.267699055493004,34.047945649835036
179.0427940818697,131.71728335984423,2519.6605510358,21.996201542755745,37.265205869050256
91.93454876767947,11.453646809543546,4298.833329335001,41.593124377042166,7.530374279221905
268.51797626695435,15.446853061763164,1601.3817704638013,21.335381018619593,14.809568624179132
165.94175745199075,60.614034543339095,1575.23021495289,75.26556895545168,19.166616390710036
265.2494478034123,167.43402187752892,7325.039808789421,98.11331976152965,17.343174665031597
4.401848147518706,112.38166262305695,3733.8388397045783,90.44964584876921,4.006144489870564
306.8505485303972,104.3501252007705,8609.519752702368,68.25513607685279,13.110177766529958
160.46850525354074,153.87664829017749,8477.382869102457,38.58759347840439,13.544551645804495
270.11865647128076,47.51527103893877,8157.691302971871,82.21090642399662,10.830458285055705
187.47902108098958,134.87321190139338,3732.7905269313214,4.385166091050174,32.42541225939784
449.14080445292666,32.34208117285775,4381.999651210619,94.8211819648418,10.442442732555207
83.69740460674745,160.65440268753105,4610.760894160385,0.7330586216845125,29.38663379263392
32.735911051859965,112.61630119203352,6849.031530508128,86.49508557126312,5.350701675360174
212.10472597057029,17.459703941176585,4608.665033229532,70.27428662675412,7.977795416715505
488.1119606695139,130.2347323977943,5642.331013524281,93.97511115083135,30.4641844413762
373.4454128371311,25.830768972564446,3862.6397349703957,33.17153754672878,22.269345977437894
43.76044896709929,9.117035909762095,7045.040476270958,55.80842053178108,2.1320061840448563
287.4811471313958,38.24446667019832,1957.1556104161687,38.803260364477076,22.014288738565483
315.1086323128939,72.74820581939751,-339.53580111065787,67.32987323277128,44.85591211854968
267.41718503050106,107.75902140891546,5374.31890965072,75.59605966951774,24.85762596658487
292.8040066566946,117.74818127234435,189.59972559028256,92.80477501663339,37.0808699551272
53.06777093498627,132.19783880731174,2362.8317435262757,8.650522143779272,31.681658582202047
382.6371205102312,73.52959311066179,3253.5759531718677,66.07231649072405,26.540255002480833
236.99383868397572,89.6225843201387,795.6238731306944,39.09925654289903,32.46789056953071
398.7423064167329,91.6817107316582,8621.275518264129,14.407553745848311,17.802920003240363
338.64452275253126,153.5803779526158,7052.662661208363,72.93245766158446,23.239317995845393
186.565257450162,159.51013739312614,4758.479783760649,55.50697456402619,30.220781379134777
61.617579466749504,0.8450129644328594,5168.221430806638,53.715204855446096,1.124206028815076
473.4896946144359,51.18811359471741,6608.817573961537,90.35463759745458,15.770802891208298
171.92582492432345,69.32595533240965,5636.34928382083,51.255269454758704,13.600721480762527
80.47717878219751,37.09237885204454,7430.109485246589,19.432621534632545,8.976016738334991
90.67899238682503,134.34288900572926,7596.385713791019,85.13877224254742,9.03565777654495
466.18493270157427,167.0445924714728,3882.019435051142,54.966460967916674,61.81550759747241
145.32633376004267,11.316943244006627,432.9228131135335,72.55892573341403,10.067508777702017
243.59520506687426,55.58295652269753,718.04389266154,65.54729806969527,30.218675610259975
50.02252863771145,104.07865056192793,8051.1266130077565,31.778593723372538,8.561606319157631
225.32298910746752,103.54552828358813,2403.917149363847,58.41699328451973,35.57520272761811
282.7760039525549,61.23489719400971,2505.1650152151265,42.830739295959106,34.59178948181273
2.4159413323356915,41.35742327564133,1604.4941899619375,73.98162159386168,2.5195846175899175
218.06203304484424,141.13848987515007,775.9054076374441,73.29727957514147,41.15629284004576
438.9429147539808,77.75852718070252,2908.045220079169,30.54717964453353,50.63299055835325
275.8359130800986,29.529387030397857,5262.962827673182,84.17929953382605,11.240953644234335
429.3568276853996,23.520280344321584,4616.871352241213,26.32346505935833,25.299635556118997
443.1679160394478,12.845679597612184,216.29958953707796,1.8630294871235353,25.3463302667701
253.58915564278695,5.2406308093959275,5027.959659692328,40.5134467551114,8.323775586370356
295.018155920359,152.2590010028948,4740.142985998504,54.346932391811855,35.98029769809448
499.36408750592585,79.31346373153156,6864.373768955568,36.58186301030095,21.38432949202154
111.65332381217752,129.72033371815775,6465.654858522559,29.099916021437387,18.86982254258171
232.3505710852264,85.74921488175596,3269.458997672221,50.21672696664309,26.666847969807176
331.33924468934833,142.46094913744957,7162.130540815035,61.403597656012806,26.794361738640298
82.92177601607914,86.37496232675221,3739.0942164705166,17.914518390862078,18.498284997923477
474.3559158064892,110.7814355681001,8693.487818456373,73.59198088348245,14.827586450046043
241.75170786371547,60.2776505260954,1578.7816139607694,48.76421483736478,21.87017810798492
31.430580706734602,62.065111155175686,-93.31981203285466,20.677407471750097,14.291582381066585
453.8630462864803,60.69022924601764,3961.905175596985,45.464344979488835,21.14592249586758
23.218728750589058,164.73908338660118,2578.675545607787,70.37362528476223,9.253315811067282
260.6864520667753,139.38072214981327,7431.286529065237,26.33160693841534,27.57485973038812
272.17503104418574,29.206769163003607,5709.9154747719,36.52967779910477,16.61031367648284
326.6682732784249,140.35880336967628,4408.297526762418,37.63287810435452,45.308228889484504
453.6212132234098,86.75045940415181,2852.531073717394,86.77194218712472,28.241604822885705
243.43078133708778,80.99449507180516,5240.004312714025,50.18369844707418,22.842674385750186
69.48415353856497,27.82177816807068,232.33814454184505,64.34770023883097,11.232938546115827
105.75855206787737,31.400153535872956,2941.117970043365,71.73027084540954,8.89644854688052
59.165111411771335,38.69818387668653,7206.13997904312,72.0255658874949,5.877783243564944
240.75832469474307,80.4408599769738,1501.6875349917525,16.124625986262576,48.761251928663775
416.68249819762707,3.7709344099209483,-90.12885231592895,57.348651135226824,10.58057113737634
80.564570183769,105.76279138121004,-127.68678022490616,57.226929923046455,25.686567865071158
27.956002080222085,43.38762053080703,1210.3566259748225,95.82383364845538,6.472735703425325
299.6787613974649,94.68558999240855,-323.10966144624933,71.95472995040888,29.508856080778028
330.8725313145791,47.6203772361476,314.61077598957297,44.92033616194567,35.07799045042237
496.3879118539894,145.70680303067186,1120.3844479021145,83.03635747042807,49.2512837168436
300.4193572056,133.49549980375582,7294.305211239725,18.188415187009966,23.80239863416184
329.8243750289265,44.43947735560867,6379.774581738681,34.26712745603319,17.560554412758353
226.73507257004587,99.22012647662763,1683.2309781984077,38.54618827418476,50.89368154790414
54.28505695075775,33.99455624681342,7666.121074100752,50.435952607071265,5.004555559662356
209.89750633580306,25.126280529244614,414.83647887044185,47.58691854894773,18.778584945556332
307.37408474018343,6.558142687845544,6946.7482309683,50.33292081384595,6.014042734941514
