wind_speed,atmospheric_stability,leak_severity,radius_km
199.49700043757096,1.3288941203305833,8.0601192306659,4.564386316263601
8.459385120155938,4.052792013021157,5.516524287619294,1.3823273643169507
161.56638799554963,2.4881443100640195,8.471178586642443,4.390835570227431
164.34233262673888,5.646305140576359,4.555001892521476,1.5225903826078164
121.22182179866418,5.9484894608268295,6.749934360482741,1.3958320924020027
129.60538277792728,1.993318910272708,6.312854401403338,3.466935042122625
137.03114259284425,5.068326518482576,4.4399912389135565,0.8601196703177788
111.30840294049196,2.46308008961586,4.697984897886826,1.9218741039459009
76.40080445327169,1.4978838245734518,2.94655227187722,1.2420023322172244
57.33100615821236,1.2455208631240346,5.319026903354831,2.553989191674278
53.23482490814,2.1664944079114665,2.567758797554343,1.0012672325135388
64.46390813126222,1.9150766659876486,7.632711672782581,2.508665022667178
193.40817409066574,4.348657510838473,6.356092070057637,2.314260619606965
116.57278771469373,5.559848163796158,9.961035121194389,2.8640333519595065
89.21359599681706,1.0733023906870034,7.4033820063092834,3.632900644116113
182.21416810767906,1.8257136450493703,4.877083030589623,2.6275305358795196
197.6090296443617,4.301611473395176,1.2367625603756318,0.4990104605178107
93.45369495597599,3.577856237468935,8.378323548560502,3.402662914412282
108.11006701626013,1.8576409185562723,1.8012053645899684,0.8003697028861829
10.984493555169461,1.7917923726423064,6.9882218385739225,2.3820759910496534
5.48588131491039,5.016247528062765,6.6499306137518825,1.8573293310388104
19.01560999396348,5.654444191676988,9.428614615736372,1.4559551669530673
188.74283130949658,4.995929177242827,3.1168966093986685,0.848933820255164
136.869231912221,4.754628360838051,6.1440621883913655,2.3692411095735366
119.09478828975075,5.424754865208689,8.020354839134338,2.082892349592771
89.71605286126206,1.7330294660272756,2.007610311742925,0.8834430809729755
195.20226038166405,5.812596143126978,7.5786105880627215,2.173211382065228
107.5003631467365,4.129803373949505,9.681239728688446,3.2806157783910006
185.56067446095696,3.541087494437984,8.337869796031242,4.914932750080602
170.2801169017097,5.852541034915229,9.352681671016029,3.1752151231584245
178.83271762734014,2.520570387508867,2.244165796387544,1.3624687146242453
151.56653392351103,3.25645672331762,8.9215959977431,3.194266403200758
71.21017206005197,3.565726702565162,9.343920626478198,2.651070810372458
114.21752569504974,3.2017679725780765,5.561631890864622,1.319075532459909
87.53356923536504,1.0576701216064301,2.5531753119485843,1.109942370287368
162.37405691399118,2.2975033946370695,1.4214009476385125,0.862297482921387
94.86152726441344,3.3663762832650552,1.8432736281998134,0.756397879899965
168.51852413986617,5.210593819205251,4.422249161234959,1.472944212815564
17.02560678058216,3.9784019441615603,1.8235333702078902,0.4796671866691867
129.59039906856975,1.4201626008059334,2.4204788178062775,1.1694424069487652
178.19798961234738,4.371702314061752,6.313869472099431,2.669814940376693
158.29265738330696,3.99950855487631,4.81127065447867,2.222644244022133
180.76232448918626,1.7521850788354523,7.535848995815284,3.3854608186514605
78.4209066310465,5.7163508087042025,7.032485480397455,1.765631196205601
169.5864759044881,4.322917134888044,1.4502283811882892,0.6692053374435816
8.626938743653412,2.773206227620589,7.420437992075278,2.1078839972977037
51.73028842318281,4.952354270534105,8.111049378132616,2.288900411281362
84.70455871893911,2.7730502198319753,1.396190736064309,0.7944494191540183
179.9173974273324,4.2116340565723,2.5932635693815422,1.0796997374461104
56.823493054795925,5.468814052957294,7.2183740062929855,1.7981803626402366
111.63752410431309,2.6665345699662453,4.396481567519778,1.722551901044226
21.401777534232558,5.655050838747601,6.22930374876244,1.2683215471911626
171.7986640405827,4.293155791984068,6.770592142518041,2.9609229878524554
36.345050175264284,4.199993112875803,8.962907228192101,2.5352191103037582
185.24541917686537,4.510055156039223,3.5473598727269424,1.2251618762856162
121.96496036099582,2.918653381869139,3.2378943002461966,1.4657859209713069
52.96627422505096,4.059019685883381,1.230589325657503,0.4482505157489262
90.611953305752,2.561968369472377,1.5828393548393085,0.7077674720798287
2.3230495347816404,3.8041657186306237,1.9198870768652618,0.5599615367216111
28.467938542078784,5.906131436430573,4.2001422734556835,0.7817167488483179
152.00984365218585,5.127599024411893,4.659678619183264,1.7392062568792999
108.52393142389043,1.6252884864935015,5.522795622862512,2.8512592384701634
114.77406913065028,4.946720763246167,2.9980232446883908,0.8048273932164536
106.92441523094556,3.6635172105091742,5.516279079404238,2.186404309628531
122.81604862375248,5.401671381142297,2.2371345077835905,0.5591001961367396
51.706316165906955,3.3976180013767885,9.915356791672911,2.9483560795546975
150.57905543924764,3.2258715928324477,6.181752224365984,2.8949917966344474
84.98288694330279,4.116195307412021,1.570689795930956,0.5409390742407366
59.97993659057177,2.072258986484661,8.4672662840524,2.8000484914663497
117.29958786973316,4.783443011128195,7.522937679548311,2.8306679836847337
71.54942253408004,4.777455277261725,6.397210558957405,1.9603963383326108
162.97267401701973,5.992894933400618,8.858195169576552,2.2834774692612414
142.9469546785645,1.539802321517799,2.9200941568314542,1.2388924500929561
143.94289017860962,5.472212344423846,4.0755611485184975,1.2233168589498613
196.2025243768474,1.218954306779453,3.2906127563935366,2.00624518340123
111.25875489569242,1.471977792702924,3.9920564444201405,2.0635450739177537
166.01175770212967,1.1096543636176643,2.4901602509829814,1.4461496607292688
181.28581636570132,2.3920833077459207,3.718793507369813,1.4285948680300584
28.92891207662631,1.6228466561540817,1.8762530376036426,0.6690030596047533
63.5767350350108,1.1578289968163482,2.739237511702857,1.1823870899794977
57.830433955192696,1.1412748093790546,6.104974014666064,2.97015762985923
80.41294939090005,1.315897966550522,7.800449517838806,3.284011288341829
96.84791847553207,5.557770339077636,7.727696229428069,2.5476244522440004
154.47997378675225,1.6338864080680384,3.3282267328420625,1.335334816338451
107.64802928750899,4.765040805437459,6.674382287088618,2.530924378273472
109.34087565696508,5.782130528522771,7.56537188608694,1.906176411594742
173.25975060567947,3.308625311900971,5.960376577892465,3.2099130086948953
19.37962214872031,1.3980972782839447,3.4378306994087633,1.3009301313473975
103.39431889026001,5.976382035932923,8.085491791652645,2.322509019393748
167.94692624576095,4.112737580564169,9.27205051146952,3.64319523795859
125.31801965315901,5.735924648680778,5.91323516368617,1.3621582507304757
123.29363325710287,3.692018770329902,8.242897139759679,3.950239545217711
49.79515626859774,5.87627907029426,4.562448101254654,0.9435330752965565
123.70901934735792,3.2017331537461198,9.372788120511984,4.111328706781401
76.23248333814946,2.561751540328902,9.032708784942255,4.283273343233946
18.059173714111164,2.7014249633383822,3.3509698794041998,0.9005077435852233
62.71113426026596,4.299533018816282,1.995813825108493,0.6463688026918435
122.73942103202296,4.611907944049989,7.115707402119285,2.2061684884140065
11.717615790394653,4.437263137886151,5.299810446442336,1.2451680796397866
72.26321435927822,4.484954458801013,4.4334091842352175,1.3340644435211213
138.9533341593868,2.7563052145163907,1.633452909218724,0.5954785675310604
15.721265111091952,4.413830277629109,1.5568040761621513,0.33638118824579144
166.5048041880228,3.6890873444343475,7.941631533184308,4.238418353749071
161.5007808728304,2.0357076831627197,3.829492078997014,2.370976422921118
82.1579187748793,4.546783128664586,2.1318673335021345,0.6425213133292148
102.93355670462377,2.299526703642824,4.351495373215114,2.0284390963489596
11.162272660408789,3.427540645289359,1.4423655362647678,0.38577640208909214
118.82347860345838,4.2566367675512975,3.71019483553575,1.5944330528631006
27.177349178065914,3.651764265122814,6.223275044947563,1.7436858291398758
35.78550822579607,2.466586810369359,4.387019649056793,1.594429801023526
75.00893426300348,5.325919534041423,8.069654197448989,2.435243562524885
148.11201372975745,3.7837618668895385,4.914172119513601,1.8107469395934834
99.50068952211781,1.2500117319403024,8.102601281719178,5.027899892590539
52.42615962301087,1.0717753849994902,8.114526751507341,2.7456312366573057
62.148416511338354,3.117953407212286,4.277687679307636,1.8868140964236704
151.2532598422409,2.6995836994617415,9.03217248814298,4.176418560729924
114.24202986154151,4.912584183849071,3.7766926282051836,1.1448752454194482
63.78645146602069,2.1036633771765048,8.031335462315354,2.337775581514437
161.0529253015082,1.1444566780757701,2.1777024729747296,1.2260126175103796
171.40746531222842,2.847648332196792,8.190369662939974,3.4966281195755435
175.1771291811174,4.916395534977545,8.688594026131927,2.9237825196644067
36.865071610249124,3.093669859189813,7.305385787805274,2.3231935313065355
10.838480455277399,2.9824519244068863,4.006018738693402,1.3622561862737816
121.64802901003281,2.14451057930858,1.483291619139946,0.740661214172544
138.95851065503865,4.376337752695964,2.4423772670341983,0.9463760577557944
37.34761047126991,1.8745395448861948,3.6470109345718877,1.157375087036045
192.65579396789752,4.990959504691002,4.853637849383098,1.604961152498335
176.27084177488817,4.469748148942148,5.26553585973044,2.6854337884321504
80.24721910705648,4.819044542163805,6.519458164319325,1.6720002348808793
78.02870277724996,1.518281500006656,2.5918976405886958,1.4761718964475188
141.82819423600125,1.499573502402758,4.352583432171272,2.3162544780563366
194.48244251577086,3.5168024679752254,9.608907656824659,4.685306263793494
106.6817802144318,3.585347504892121,4.494204341920923,1.994565162960315
11.99372262674463,4.802464712576466,9.814859687027736,2.6321574226364017
3.002801698964608,3.3729266445640445,5.646433389468541,1.512588922825599
79.2161918896442,4.554835263436072,9.924732692759218,2.812913642948414
25.570430153435165,5.373094032672499,2.5560023948591657,0.5412825261965885
119.10487842929145,5.7088428720222755,4.99679505360519,1.4309068829670322
157.11869582126346,1.0680998687068135,8.217226076564,5.617906838997593
89.22307362394035,5.971080113883254,4.676938132440707,1.1003533237238496
52.6244444440928,1.820549713022785,8.307900911755066,3.6690651034269974
15.22793791782071,4.652234305102666,9.275695752215498,2.708485974780842
10.694243317679963,3.643809439660181,3.0592680992092327,0.8750941727042606
151.94443000033192,3.393609037330386,3.051783508589516,1.425672703305272
69.14384617870195,3.9437110099753823,4.4728250488458965,1.1109628451587263
150.51179607553772,1.2404684372694887,5.986968682357592,2.108495614098313
194.74058273285772,4.177790052026645,4.316462061186206,2.013190617614144
52.94542006848453,3.570280513719783,3.787866533929484,1.2017025158359183
24.681180226428978,3.787460412633274,7.760606945254255,2.0071578671258803
100.69253791019153,5.393249759570427,4.258262605758333,1.2163247897416753
150.48429068915286,5.750118116600616,1.4243416956284618,0.4156945044777012
135.16412667121404,3.1461862792992843,3.749527744020456,1.9364897608798644
73.4854464012488,4.261035176635684,4.046852831973936,1.2717801873910193
29.128399297401785,1.9840466397073095,8.920490270035968,2.8775148984665884
22.28073200575067,5.722321673987399,2.3874744654587867,0.5376619704632751
142.58504656661373,3.237247015739454,7.92775834229143,3.4134845673215977
122.95532340608534,4.682394911757566,9.79435473249317,3.5527786144533002
136.43441936386373,4.103950162732595,8.34039014465812,2.9775936221903576
16.973357574269343,3.1919418089527776,7.961982850605963,2.1292679997785444
152.83145488244284,2.214481020886378,3.641228458326936,1.9280030075717527
128.3031324722144,4.711307464776845,5.403566885944376,1.8383998750083397
6.141019153040861,5.338049174569697,5.99579959996092,1.276569601261727
75.90139461321084,1.848579772548666,1.6549836999152094,0.6927159447383339
94.94656228069988,4.5710838814309085,6.895493171260639,1.5760143264035817
12.15564280926602,5.2339744071391054,6.460664727213557,1.2560640092942033
77.40497434484391,2.2346898699813176,1.375322932708034,0.6440227076434377
65.79026239329305,4.176708228676093,1.2988012617790474,0.3803536697818254
121.77615760911993,4.964130840408089,3.0658996323123375,0.9403268255444407
143.83732161718407,3.51520659140287,2.3034371241993306,1.1348591912600348
124.8257918563399,2.1471862841779017,8.62993415494014,3.7654337470311043
176.2193147921319,1.059076511702087,8.7205462626181,4.24617866642173
172.64456108213164,4.939196267514273,7.662756733108555,2.739958665055999
102.94044326115186,4.575776922426632,4.567051224148827,1.3679459482192435
94.83412728481959,2.433028672419063,9.14502683730906,3.374179619990084
168.51203355935908,2.7267018924988276,2.5502497740811645,1.266953738886581
50.82052089928582,5.5839488383392215,9.599603550398202,2.3179319600729986
52.33055243177349,3.1374873836892543,8.432666620505099,2.87615860259387
42.053203015698834,3.675401079617745,4.254685872762696,1.3556393746147832
13.191477172242738,4.013837025297473,2.956984252132684,0.9717966608148604
140.91536072534058,3.7623553241473857,1.1401263533240766,0.44392020856845665
137.2480819387897,4.778258819518547,8.204077516006251,2.939717452318243
133.90362161472225,2.2046178297567884,6.3618077792972,2.923497322667572
29.41671242807935,3.282466626180149,5.521053028199307,1.4817313822771445
132.21409507908933,5.370667321192721,7.618070278122791,2.107997053268973
160.781023833303,3.8394926927715436,4.83026461223921,1.916626716567817
117.26516861869958,3.572462326899588,2.395031988346524,0.9976327910898837
177.34496260335172,4.452999576883407,1.5482877996167193,0.8455878853503584
198.64153412771793,2.572510394500228,6.208976554331914,3.1035634926671976
26.56898027287489,3.3967063838487164,3.468167651874654,0.9725501410961831
89.88282781991919,1.6876514574063237,4.391579487122303,2.0217741795194817
7.2858375463244585,1.447708586672242,7.560094504642942,2.833042419643855
119.6434729403958,4.738494961094368,4.432046610074143,1.519179094106521
50.526646040424026,2.338998084224804,9.141027069342254,4.107723347174513
166.32831030599334,4.243487411230213,6.33153605495225,1.6381666411333589
32.54680711249031,2.1773291318963155,6.11211857297375,1.411032616225608
20.64066849790196,5.878929559615612,9.867974607755558,1.719378341037405
131.90619580403808,3.499845885861052,4.527074540254142,2.195141947732714
163.38227861689978,5.718507300375533,6.099231190165969,1.4309558987957762
196.6810869759358,3.5854055161377065,5.632155450563013,1.4994513698840677
9.875221120850263,3.8903703226538684,9.317107319152505,2.627649204575377
33.55664930597793,1.605632925211716,8.345928982293284,3.3408380359436936
2.980566300622023,2.1500972202319333,9.000672958932917,2.4088695315495743
3.25548956249766,4.458324839250055,4.473458358286187,0.8784560348767587
86.79410424739483,1.5730716528486313,9.190366761894555,3.6624000786500113
101.58463692855098,4.1568954362297985,7.04325729467363,2.4694590286490046
111.62168222598785,5.010190839943862,5.327618028475296,1.4800473741567846
77.246765973721,1.0560204143725718,1.7525026452576276,0.9012561422581029
59.09434138141696,2.8633567312253967,8.171736268970848,1.6962719258922387
57.75277772800895,5.586345878411305,3.1170862099503696,0.6257245266429864
110.60650391781775,5.642780882094975,6.848880784181636,1.534865680334565
128.23065659911236,1.4252619143438574,5.59301275607984,2.885121955746794
9.472936073197102,3.4129392309622313,4.790261462683568,1.2260779743429029
150.21502787833566,5.2810727488373015,6.773630732627766,2.4585020163828695
38.997482232543575,2.5466500970970105,8.797191126957372,2.2323093277845896
117.74031865059169,5.160287628929361,8.110949366382684,2.4776045716305486
6.973841791823365,1.9927787159880714,7.957852154607075,2.860671268974607
3.380339528685883,5.176505385026218,4.638499336272431,1.2013286066283906
36.47588491962597,2.8502914092454956,8.34022319697238,2.592531472177556
188.69168211433882,5.762484384409878,6.294936637675051,2.1344541431268023
87.50697498633137,1.3726643819886237,1.1759064355973483,0.410024761910428
137.80632174920618,3.1795582932550768,9.751996979653693,2.7694106230616695
133.6883923261375,3.110409001584073,1.8282477756174782,0.910731155160535
2.6083825602934985,4.236524179316587,9.245258862813682,2.2022998015558515
59.818163316702446,1.4327087368428244,1.812666463380432,0.9241654136716793
168.14469231934712,5.965587703235304,3.0231590783673075,0.7054165350364527
56.438507142045545,5.03881428565908,5.874884597326659,1.6181262557429843
20.114316640530937,4.070592500937913,9.30155343746223,3.1367461496689324
118.29625706205451,4.86212962190113,5.224903996122024,1.7842037319283834
104.55854924794366,1.0752219694586187,7.957050212139491,4.313220162133136
152.04175739682813,3.149482534069211,5.934112860416761,2.7452056883391496
58.840219011844816,1.7041335619211435,5.808662493009421,1.8588941408089616
113.49361026972787,4.109150394993142,2.4337505139092235,1.0545347158307679
121.38664939867456,4.924558200516799,5.75159034957527,1.6742040467331762
107.98712288357173,3.790150327809929,5.680351123805007,2.274945617890426
127.0558142151724,1.5915663939892657,5.762247621678252,2.314894409140776
136.42563918294286,4.2041935803478605,8.034303534994176,2.5022541505806957
14.529569989568536,1.1531743768973555,8.225656750218995,3.764903316547436
85.75086322517704,2.8151067366277536,8.595036593808302,3.252464123482947
113.86993893157047,5.48396091822738,1.2103626820364672,0.41481681853626673
118.94031947366528,1.6325209894134454,9.489412149658644,4.78659046925471
26.540209996123522,5.405897621122829,7.876004613148124,1.2139232654410494
71.70133807443398,5.246350637204657,6.679537659121972,1.9593633248721614
115.46244555572838,5.1551850688711465,2.680947724143146,0.737255986511423
2.938507948407021,5.888889308223847,5.979664189316519,1.1526850740716645
1.1688720599597913,5.71804052518304,9.07590111452905,1.637487239832745
73.70875468034197,1.696001050649031,1.6555569474077652,0.560782979739378
92.19710284651354,2.678072009626655,3.8291912506791856,1.6274161117296626
191.46738218930147,3.302853222439359,5.112263371177658,3.3917965639904355
141.21326817603756,4.354821046738073,2.241727690357713,0.9003963263140855
59.35957191153849,4.010615899595551,8.056525198159028,2.4588874832268295
19.314398678855092,4.364871360258558,8.513071140682914,2.4744347140654357
110.28516314127062,2.4016544108056292,6.476965043059966,3.0328351744934805
118.44412446441193,5.699826916224166,4.921682092520894,1.38359597259443
35.40523076462565,1.7045663745387842,9.48722617550009,3.0506630766611766
66.85348527465278,3.9381743846255586,5.0435119009059,1.667761471928274
162.23255203237076,5.408207237560425,9.22071655061033,3.473841125878729
52.86676246077728,4.65705640489017,3.3976093996035344,0.8033604964316606
26.37806997483341,5.116537479816083,4.119503007301221,1.1260799678769686
58.72969533927501,3.4305328292190644,8.51507491177576,2.8148705375428262
63.792089276191064,4.897511456377716,2.1377714054731665,0.49855310662289254
168.98436781462706,1.7076796936366159,8.60107678045922,5.724119955219144
73.4337739600911,5.152522683145882,7.392759570261117,1.8746064397231779
3.61236324622769,4.671586664385387,1.5703239790280483,0.38915454947852446
79.85968771510912,5.6267038473534114,9.086287819441708,2.1377501133117254
82.00174909101274,5.75319571989928,5.134223413058323,1.2270001718109569
42.25442383778215,1.6800621479170816,8.628564862762769,3.6662535198582997
94.00054066163221,1.8881266230009004,2.4665950035742026,1.1839406416979992
111.99800165150545,2.64049177942515,7.490075498590688,2.322456095269315
157.50949275493406,1.0252843297425942,1.800634662578056,0.908317257112983
104.03412975661404,5.726599339858219,8.35144376494282,2.471635914894425
36.553643883642195,4.4442365267059785,7.453690834891913,1.9299572160222727
48.07409508539655,1.6812486050160897,4.7771676752894505,1.7785981483908844
77.89721480249987,5.669801948303168,9.317763838031066,1.797275643545564
158.96826054517774,2.8657081203999737,5.333232921311257,2.1851412765132867
11.783490756602855,2.757161354384241,6.062124399642078,1.2992225469945906
139.6029900805028,5.7439568511769865,1.8232014033609467,0.514313454588906
114.87218942016585,5.8736228421712555,6.4937656939178865,1.5351823773155697
168.76810113165058,5.429542899402318,1.9828657197169501,0.5596840306725426
163.2563228263516,1.4308682424941424,2.6733680058019837,1.5579041499248345
16.17416552831459,5.400559702650442,7.694813573841347,1.6597873191698236
45.482553462690504,5.08470231526325,8.145505830387027,2.6069471099437997
10.648022325062012,3.8475593826235936,2.7964861347872856,0.5672350236785203
6.56560877319492,1.3544008660935605,4.871691706350713,2.037883038712798
62.78202039075707,1.073529184036087,9.612829933723823,5.015379199022219
51.28513709612332,4.503305309637527,9.891768350324126,2.411625222082037
17.324741001809475,3.520900054797623,8.06686828144137,2.353738895637487
112.35487567093448,2.6361440233560964,3.6373201164828988,1.5015622365104075
162.14563346782285,1.7042462303284092,6.1073827795470255,3.5728499800905498
93.66504313529187,3.965490391676609,6.157759136855951,2.6203111834815402
173.04090240219722,3.0606250816812284,2.183545554851006,1.1754853526374753
51.41816776846131,5.782749432035438,7.893919967413721,1.8352671185531297
82.68392061640675,4.663512285355134,9.634025496390812,2.6915682427944625
158.60630679272168,3.573352006289939,2.271256095145925,0.7811594712428711
94.82698470679607,5.02386741008068,8.29843111221327,2.3371765337298047
16.52849199357238,5.50848265627445,7.5281757336930575,1.7815874562660807
14.144647174360859,2.2890846406031455,1.4086354254451514,0.35805327427531225
70.35900171798943,3.807401704191708,6.496964846771473,1.8037349319127767
44.3558077284729,1.9158794234961543,5.214448601243024,2.0608123365220203
59.35398372014722,5.854101012708568,8.053044007092794,1.5009545841839171
145.67440652838803,3.189251976312457,5.7161612203379555,2.2755087038862385
176.26178983428537,2.2097828960938415,8.842214012634502,4.598365752242053
30.276786417777622,3.649698408710788,4.650684138822539,1.0815240081943647
54.60169908257364,3.7283501042210205,1.350260136335993,0.36456862206277385
85.85338510245776,1.968780688505098,5.931583203161243,2.9118014454426424
197.94528740308849,5.982279362208058,9.01896175515787,2.282099328365115
186.18978789738122,3.5168991161596748,5.9244622121211705,2.1525644848630714
193.53460099827757,2.5895974561647295,3.0506635490329987,1.5250808953339703
184.2274680456478,4.988968130489952,6.675597792278413,2.7672538428125506
169.96193125533355,3.0294609634207372,2.2410977099964695,1.0696380370307488
9.486568467092994,2.669962482641375,5.009644704660324,1.4361597624728655
88.86670012326834,2.3835010940092776,1.4510885740910606,0.6225449070890051
72.02121682313924,4.099373144491149,4.171952960793336,0.975944620269366
72.84441584485907,2.9853294700181396,2.8539098507250795,1.147171102026682
36.55445237336534,5.123259745900823,6.346599581138259,1.5699737245304402
108.16843053239187,2.6665324904886387,7.89093796849975,3.2298530121506763
21.42802632228309,3.4669225375705977,7.298534555623379,2.4371066124149743
146.1239740663116,4.330412059654028,6.400795697535948,2.0235983177356323
177.89664303298443,1.498649364376142,1.7500119579660338,1.240209119913144
20.023412201851176,4.894545901846527,9.47263408073114,2.218391618343487
18.950944544415194,5.931401077161658,1.1718694588610372,0.2056082924168053
65.70679218387798,2.4746596926510183,9.481865309228501,3.692414085420319
136.39543263474866,1.269917051745117,7.324274700837794,4.023154821516505
33.63801782406255,1.1189650373951678,7.453780834293682,3.5955020707905767
74.18980735447593,2.1690392090054984,8.35815374016206,2.925172236928541
186.43350641138738,4.493162987399726,1.748420448178733,0.6349943457516147
35.42529642315342,1.0032501627865733,1.7442370057236598,0.8376902202123806
27.046633038283694,3.1886869110583107,3.8237230857044615,1.0746184725253876
158.77725020065577,3.829451537033334,8.847306457592623,4.277548388338661
11.90420688774536,1.789543385056093,4.759126848250023,2.0715026308435385
162.49120488708618,5.59486428837381,1.710459186699747,0.5047914393507578
22.19875952193229,2.0729939066925516,7.475268299687748,2.8817555638818617
36.61855594293115,5.39253894042315,9.699511708181564,1.7804813057626223
130.93527210710255,4.431968040324768,3.336667030762068,1.333258324371646
126.74330307632202,4.088176039598297,1.2879155869972345,0.49778520775826623
56.503909891584335,5.779308208627758,5.430814235650282,1.2801365484866538
152.99699372491574,4.520922369929508,8.600723282711328,2.915022220616166
92.73911803209849,3.753722669538761,9.376752951627896,2.516369791587956
141.65939799422551,3.949435959535517,4.295417292380479,1.846307220177296
5.610066523336288,2.1529980848143646,7.758965003960597,1.7330070066848964
13.152571094251408,1.0486137338938997,4.534033757378239,1.6354806649220481
191.4785246216333,4.110203490265898,9.728512523595706,4.908137832306688
154.57227039540965,1.0610240997099665,7.210264370406879,4.44714969267022
115.79564231413228,1.0150209768650733,4.133888260532233,2.8927540975004487
187.5375360718857,5.391434386913216,4.8556741879169945,1.9517489295423953
101.29645706947841,4.49364846841633,7.8428537365637885,2.3055062228568146
12.88189302684164,3.713805336501147,6.641748961216795,1.8019914268293473
181.97145625024325,5.777058780989847,9.914370856325856,3.12175952329397
67.36214739158768,4.076868117474,9.027161997320963,2.1557835753045294
191.96887097573781,2.795870860893584,7.8396867495058835,3.6057684002147306
48.72619645193601,2.8689991044262304,6.103739858152035,1.9547958813641864
29.30158532515854,2.8067299346596877,1.635955112422399,0.372560905409285
11.864975702102587,5.818770531076668,6.124550353475898,1.1351996762754155
115.52180649794373,4.220626600802748,4.580051162397389,1.5685672426130257
85.69463333920326,5.570035856546209,8.41823023503633,1.5996970766855856
11.757962515484888,3.7336765969864047,7.454159415908835,2.1199917477696015
95.50012985284317,1.2204441569109972,7.259066626868751,4.006501348847008
48.32718222754584,3.394909914618501,3.4035029355398834,1.1427755156592303
136.0436158259308,4.5832822281779135,9.607749879063931,3.242884074775696
132.4424716738543,3.851379992376195,3.600784277623972,1.5510782200557443
116.2106330676217,5.8159007723089475,4.374717755295278,1.2731443532357114
45.00565978960871,1.013895421945695,5.41698861216222,2.43810048224259
75.39539003187832,5.240331234280442,2.4145798236695564,0.5548126017517157
65.61834664352229,2.0898310378447214,6.695947938646745,2.855653082624962
165.6884536311838,1.3643926789324832,2.912649116429044,2.050059841248615
75.89658843443334,2.2755193609747244,9.089595522884032,3.4287461340249727
36.72897858302156,1.528839322156403,5.83515021423206,3.024668053693467
36.754050228168,1.305741527219725,2.6809314485894373,0.9983403179477455
189.40499063235842,4.51228225153306,2.345064669620366,0.9701097874814956
157.85536501008625,2.5385763470467166,8.704103193113507,3.9814344326828763
13.948801182558146,4.686143859753568,1.2875346551974047,0.30842365043729086
7.966763739512905,5.475151072902493,4.795793589579852,0.6897667827209831
135.35337902068324,2.7808474691318454,1.0505673940096831,0.44782795246054585
152.8610854731131,3.705069316766629,9.221720469937033,3.2958010469713708
102.08734907698162,2.2148785968849247,2.3632012753008746,1.092986699056462
180.57058321930208,1.4419312396655262,4.533238694046782,3.1987169250826755
43.98881017353877,1.680405408749964,9.34766551150722,4.082175641152159
56.31797745285139,4.391691421512951,9.61918995363627,1.7746824306260196
184.70592336668784,3.282692727971188,7.7881338289984745,5.009775181502043
199.204499367733,3.782417751474469,9.83819403415377,4.867640675080531
90.22952217352034,5.286049327462675,8.746333775480185,2.106212004478435
17.54536803214537,3.96709543976734,6.34237025633152,1.7200274028629405
84.69954626513253,1.8374354763046403,1.4178358769305528,0.6539101698112498
190.65025127405562,2.201346942003081,7.039328189469588,3.6469495925470645
176.46106508252163,4.98669753255216,8.962698625385265,3.383727242980294
28.293060448129648,2.8502199781582918,5.685946767619606,1.678093254356041
15.547536694756904,3.3097187274434923,5.170305676827976,1.4072845845918327
4.932821832452783,3.9791886778951557,1.0098763567654647,0.22729427995182735
88.98353295703893,1.454170547468703,4.098270249193039,1.5312940961479293
32.42052827127242,4.568471288380561,5.956576884203201,1.549700272067476
36.1865091160612,3.1572454162099968,9.616916928546402,3.358483906789119
19.794931481830645,4.976308465301782,7.530014380382592,1.827241024033645
34.18335775662238,2.7628582159766686,9.193471921383562,3.4691394740690904
157.1352692313387,3.6112698604483424,9.188747408982344,4.223184310737888
144.55787987154113,4.43197727076866,6.089890523628667,2.087451467137692
86.74696997764111,4.864012774529478,5.528196013933228,1.8171483113095643
42.287199997202364,2.8571419020114743,5.952142692770138,1.6215696166366467
16.310606495037703,3.942706304815581,3.8165261679945544,0.8735059341833551
149.92493162117896,4.451336919248553,5.234006617272753,1.6863573690864617
140.7955418389021,1.47098187289088,6.004116726300689,3.8548880670820167
8.891413672014647,1.251719644308554,9.931737631247486,4.125969610181752
67.93387519891239,2.1816659003030585,5.814802005069634,2.5466885352915205
161.65916725898416,4.019369425553087,2.943525035713006,1.423673632923301
109.49777957661367,2.877188556218761,9.483443568581036,3.5058152555991557
101.70406387539931,3.909422311171586,9.0929321762279,3.4326700263894905
160.7411645487912,2.3805548597760064,9.653004355271243,4.95252472136352
62.198348144043436,1.2671022213010688,1.8637703430567703,0.9345562753733936
102.78272649362997,1.8406067908697752,7.78593479313663,3.635074379215977
32.50271529140942,1.2698716959965326,5.960798561005018,2.2430231421011713
123.00838126919498,3.6832728880442986,6.62744851663404,2.832032506666748
167.7365317633485,2.1431923186507174,6.962368246239642,4.317379225723287
31.09741219752964,2.2598101082697704,3.4968187697880078,1.1138377391299847
97.45493827373232,2.3938056176466374,2.902802643032971,1.257333082544148
26.33581895314865,4.746530371168788,5.724105654135003,1.160663164365722
21.941247680841357,3.1073009064025463,9.58137684024145,1.832508169459231
71.98030885647881,4.012217346971489,2.766547764166497,0.9155458103393226
2.041576315650717,1.6326649612083761,6.645725008942765,2.4565255910401818
2.609153282017518,1.1805784044431098,2.870718813002704,1.0654199342624855
10.14153402596445,5.685523089557667,7.262906963701615,0.9664668564494314
43.80350388940468,1.65600272754522,7.4524556767207395,2.816846452590252
99.60540437575467,5.252432433156953,2.144729035042772,0.40417039795545784
175.16210392599615,2.2184962769199426,7.4606709982877195,4.975504158136177
8.285766688750895,4.884230470631422,2.1757849792394266,0.39794050563167815
18.70741012383801,2.6773257362222624,1.4233134959967575,0.5408617646603656
50.693131083060614,1.9852072597625043,7.13963738724031,3.209025217192937
164.97569092726874,2.7221717430370793,8.137424747301914,3.561120071894647
46.161824367795454,5.140884035824625,5.1122625107794235,1.0251752858657648
71.17178499383279,5.515466823598825,1.8635842390354507,0.48000663373443453
107.45381448305392,1.660095839496893,1.6393389638817526,0.7043711837414455
4.583551960827825,1.8094956349830458,6.383934593252313,2.1748075360448196
83.14211470281514,5.417301968222658,7.172089500758959,1.727190192163046
148.4592707068138,3.3483822978488345,4.403080975910292,1.4361175964212376
121.62369197737668,5.303003025982165,2.432092184114178,0.4829260516686122
149.8148366150061,3.6544296450231135,2.073984716065314,0.9161740267511704
157.0316389637763,2.3183532375075475,8.579321724833907,4.100546247378608
148.37481013121047,5.105889807488982,1.6019275082707307,0.4901798684188335
77.41987465602465,1.8110117968483177,6.107401793676903,2.969403964346532
160.29168794845694,2.0151202953936895,2.0666389821335374,1.3273456655868163
97.36957552133813,3.505436057443808,4.302032408511379,1.5521128790902008
111.43600923537925,2.84287201497104,8.571147052639397,3.499286075180559
168.28692103879519,5.537055879580088,5.144541185993107,1.783895589838071
150.6285844400718,5.45462368579877,4.448482417351088,1.1105845038305016
140.0852417856473,5.649307770765262,1.7570140371691543,0.5314607064242681
102.42899776128212,2.968581950740918,4.255034517824656,1.8975382149806257
60.639339061399575,2.434698618158807,7.8676035854891175,3.345017538965297
50.94714358523949,4.280135431743329,4.968777438162348,1.0089695391534446
86.29703580068981,5.898482829196273,7.16372029301171,1.5026276832100636
120.9318321499381,1.9428225724875827,3.0224775680003755,1.2993118108920658
83.36645266978428,1.0426806994639657,6.825009081070614,3.3878877270053938
75.38576300036135,3.268076695120809,2.1652819411351096,0.8424765429654386
33.78866074284961,1.6734481615513515,8.938577797310128,4.197911750294584
23.494228852480113,2.4775885629898857,2.321722479921115,0.7188101182437836
43.28842876230248,3.054678300971709,2.23700890896258,0.6920937155577617
165.7497297806203,2.7176133372201896,6.890914238939041,4.0983723554172915
139.0852679618618,2.3327752677167255,2.3617502146415905,1.225363045702802
135.83556043310028,5.250751790152419,6.726089969102733,2.5112484468212193
190.99195605410753,3.6690047135558794,5.436930802034525,2.681247771761939
197.26573615389844,5.75185504880709,6.559293261787109,1.7928947415812828
147.98105898912945,5.651525780840363,2.3276701700332034,0.5564478530266843
48.020416087440964,2.555674519667024,8.385945501930578,2.3378680033615145
16.92707785668224,4.0039256651287385,7.144284542071791,2.0637108677895513
52.73394319504967,2.0050659835228926,4.049519287384908,1.8874038192876175
47.884388100149565,1.6698895141543977,9.691243809920929,5.005151203187119
197.86478024979453,5.736173505370805,9.766974841221895,3.6563651778429223
37.331798507218686,2.8281664947685017,1.518428715184588,0.6011981634864494
106.32575040437314,2.124564232137895,3.346678410046672,1.4183429446874893
40.46137623394108,5.07618262003118,8.280251310808353,1.6390779979741796
48.17712616555143,1.3934278974833272,8.51008448222726,4.00684008246294
169.66789762446447,3.645009998213807,4.651010105400568,2.225390544218589
74.77241006514109,4.593839863951362,4.328154405743658,1.295703927976366
93.38089641684593,4.638821035266083,9.245238432351206,3.035084025965857
112.74309705963657,2.3428149558372606,3.9774265376075677,1.9206983966390687
90.70628196206185,3.934132580165056,9.054230417944252,3.7304273415318896
159.49752627367434,2.3412558183724315,7.948798153435235,4.972011376152145
180.29755639461666,4.17863916365443,9.522904968219361,4.384090904235203
72.09852183916321,2.199645826093336,4.336469434789262,2.0179767432947084
94.43762748111514,5.286231743948702,4.5372471845145,1.349549761245826
186.23866100331162,3.9732361725315726,5.52510778189279,2.2943877764727834
192.45502621962618,1.3179107021878664,2.8775956567637837,2.05268042270371
56.07143957387382,1.3953932664201854,4.089317936971458,1.3886684838150636
73.98781779725255,3.677432138388654,9.174328558677987,3.61702145477432
114.53730513459506,5.626465173019907,9.43161849353409,2.1190229600114323
183.41300627573742,2.531747486742048,1.7878452415234856,1.012153986520738
68.33809790814634,4.8020891099833305,6.363500925029504,1.544680746552013
64.61930094141866,5.699756926715959,6.181449222799999,1.5416501212546398
79.41497758341885,5.221197495113473,2.6355147064892575,0.6992272948645899
170.689712349531,2.1976456274668212,5.078802986674321,2.11935333885826
196.1674813571332,1.6835443243234351,4.31148453796116,2.8426724507100687
143.48089335635498,5.936495651254931,3.391255800681813,0.8592699197129018
76.96119267126889,5.665625907988761,3.5732370352279554,0.9779221832066388
199.53924964025296,5.768284718125012,6.855986378343072,2.2720245094269123
116.70424222262699,2.2390618694066453,9.075345601266015,4.537017264950776
188.19172742285744,5.0828900827595564,3.7089768423942022,1.1769020318215704
63.34697736223174,2.5447313418049724,7.465548904883407,2.613446196457794
11.16730787277993,3.832856230908977,2.9800964587932026,0.7312111871896533
154.0639779834416,2.1300273650977695,9.649454989784534,5.771518207248096
136.13392398307758,1.090359860285657,5.807421161312976,4.134925120065071
137.25168813894783,1.609909612524599,9.461320130359173,4.481136933719131
164.39032756726124,5.5987627344955575,2.27879873206683,0.8346046922897714
24.049450575412546,2.841801692913825,5.940845154372656,1.2812068891195505
18.475617343411187,5.662660008556447,3.5276618962363955,0.566353701139099
31.283682896368582,2.813740537153388,9.725149124275696,2.7485122321782773
55.87203016746696,5.481305821844122,4.896510139127233,0.9127554527353798
181.16871193868806,4.987552391762088,3.3378542989755684,0.9438137184567921
168.82830661576435,4.252434242155161,7.108413491267695,3.085652380845748
9.721885789079376,3.486100427582694,6.785342318444407,1.8112095070951988
32.720128997703824,4.240523745632128,8.34281095184646,2.3744492487840456
5.063014762850071,3.645183816959043,8.169693716413782,2.381526227665673
175.0624161094008,5.101778944864418,3.003079586807158,1.1166247762983879
88.9419145327793,3.2648317416033477,6.195742449684234,2.581722617442563
80.06100011165228,2.619569003832997,2.6947024818868393,1.0722947709170823
93.6061158827026,1.557375597903778,9.199240651410136,3.6087271610803464
129.14109949382384,1.2332067089155454,7.868729097125664,5.008872568670585
140.05319231317924,5.076455464679772,8.32304258610275,2.4897311326004425
186.48580541761203,1.3144090259293693,9.348144146982266,5.0772224891603575
73.49752832276171,4.245385792819559,6.924567676013348,2.096492933896796
9.126056784937585,1.1265862182071382,2.367847571928831,0.754753423397243
171.26697254541284,1.8909070018488252,2.1522120877460624,1.1497475035280413
61.837753931147724,2.5989430421261,6.963112619669264,2.7780265765742644
189.07260774801307,1.5995754683547698,1.2382278102482691,0.8022388883300491
60.22478375838571,5.838297760995636,7.230697431607885,1.3772118040923809
24.683579458652982,5.592365183592464,7.867574457689852,1.4838231429816404
105.81731916386332,4.137732621063581,1.781601372729198,0.7248600173746328
198.69091982316732,5.54216558616915,2.78613536130345,1.0384803705437253
39.6231209905199,4.112171863982946,4.159579838683349,1.539103834679531
30.834939357783586,4.877827241672778,2.584092320191544,0.7286532102184008
144.1691682141855,4.004665249767726,2.6783832772114966,1.2518336319205028
145.25086973781526,5.279725979441392,8.05683728467808,2.041422677433162
68.79387963983493,4.59568247100446,9.697241876559945,3.1205794460121776
70.44977818019238,5.466256568573672,6.933464945450199,1.6961274272624192
42.64173047176687,2.1731564308836533,2.520783620752294,0.8641784789959114
127.98732622448354,4.854289122472761,4.984245486867091,1.6898353315638277
139.86210318796125,1.9505205561824686,5.699912186194268,3.39361648071878
121.58474352107396,1.0071208658564614,4.27231517192555,2.5312467616907135
94.73628355739993,4.467463695567306,9.049617558981558,2.5211357107974974
166.31933036753463,4.909293500857011,3.0295165938349355,1.2208550668050997
45.3274345744056,3.1341073918010145,5.565483139083329,1.6770141680317507
194.3985745828724,3.3477121590486174,1.8247423184408396,0.9408041738636919
9.790986107628141,5.880615862425964,1.4100550756086099,0.24223010303129622
37.48751042647653,4.035671468743466,8.091209773991109,2.217413574044466
24.158633894460245,3.528331943114317,2.425554316251606,0.7861520946606135
170.70802927002802,2.905664914793312,1.8880326012330881,0.7983717753790897
98.27843923074198,1.7798545955280112,1.8979901238380874,1.1571591121166085
128.9612320740845,5.760751009867587,9.824356518556163,1.97909765123178
44.45227517626942,5.813729247386598,7.099938184335723,1.3522543252639838
126.42400259063945,1.914425019401572,1.806765084511916,0.9622876861408313
171.80602921991814,4.331103205448233,8.576330636981144,3.792149679832731
86.94836038804483,4.537257342116714,3.3592453361093346,1.0238287498212069
171.90585770945347,4.89675350496684,5.306287324448951,1.9389412401609998
64.86236966046125,4.768758262047752,2.1792171769316306,0.6393600653482329
41.964037686106614,5.849322846687303,2.9502184826088738,0.5858026754631576
138.1703346706504,1.763831330151647,9.570556353423537,6.138850226759437
183.92852948914597,3.541791350278531,6.712663918399626,3.578932509138319
150.87626368914275,2.4601846133826784,9.974244500590249,5.691349868393756
69.22122323544784,5.9519476544243455,8.722579029687498,1.650422811200444
113.21470462424008,4.58677453606154,6.985036469379899,2.2939032942171864
137.0656157006849,5.30116184741752,2.60774389362538,0.7761266649046588
191.67086236736023,3.025136875255402,4.393242453391584,1.9358106862189155
164.21057714287613,4.089662156734718,9.937522724552487,4.344285761389227
42.21270735798868,4.280448580134992,9.101963590879008,2.320019848978212
48.44863389896767,5.485444189437915,8.11320212854846,2.027717144362917
95.75769136025494,4.993690172010738,1.600021881578507,0.3938356081144876
129.55085801294499,3.657863201775471,3.444004204656017,1.7507311295978727
136.73484145549355,3.4588815225578737,1.940872508652943,0.7130468285077085
47.262951741088784,3.4278341482953127,3.8372977753135307,1.2759897018347106
171.354370651976,5.748889479968342,7.949531883733138,2.7643340829118066
130.64023190987797,2.6197943370229435,1.1219684853874714,0.4801442939869037
131.99826787671014,2.0987577130931747,4.468301054616518,2.526581359593791
80.25852689310678,1.286659617301746,8.060905729095742,3.100175669842781
132.79403954639503,2.1461930189620912,8.45354742915076,5.142970886314404
94.70531740315403,2.8268750751806913,1.569317928138961,0.6446953363861123
146.0995141816867,4.9537707893604,1.4052963573767923,0.4366396779598412
63.684088366369984,3.843384857204611,8.193539482120567,2.5097087236928823
187.35669795603934,4.29844117415297,4.314586935775738,2.054286441043614
85.62381264173086,4.601899417775427,1.6481879330980662,0.4582236570951144
113.24528718952405,5.591559979067386,4.079988211166373,0.9947577372066294
85.65304170790193,1.0845349419703867,9.400106966754253,4.4569984154148585
18.264796698439078,4.604482612608941,6.331825635305742,1.247676829919861
42.303992198310205,2.605202758716765,5.924095768256935,2.6666552540708492
71.55054033525816,1.9243138156905069,5.294443400434055,2.06423823153699
0.10558785677472482,1.6854392967432794,3.2825884485136374,1.2325347430777644
86.9193583375132,1.7914785544076386,1.1341803941137023,0.5322055013391236
124.54987148475232,4.260144870584101,1.8648458512395412,0.5765871139118037
145.7928279960638,1.4490269403782166,3.767328989950004,2.1130252640161316
188.16015303400954,3.857868121700395,7.767079885662141,3.9606506075794314
85.99929348518987,5.733174578111775,4.6318030369640635,1.1041443200300622
106.39606053610069,4.236331397812933,4.653850967638352,1.8953971676247483
113.27893876268126,3.6160992113711856,2.9405749415437885,1.3163415030253875
32.99473736638194,3.4527474825529887,5.354854554548247,1.8533869659312998
15.98058461828511,4.00971060935743,7.93442112705386,1.9319132509101598
26.370321866645074,4.260171576939651,7.074550754441066,1.5527075099610725
5.663674265715857,5.795719137009937,7.2590758591218325,1.187701986575959
192.76694585445208,3.6738257937743306,5.276388904740923,2.576483792940959
108.93932494574277,2.7620843737286114,8.565940631453856,4.000343188470073
187.19387681484946,5.703523093125417,7.164440148658993,1.5762465594034278
180.02184467888344,4.491417940444084,3.7789064856405385,1.5243321319909766
23.057627085772015,1.4584775727229289,7.929670545757421,3.059842700509554
65.76313422436519,1.9418804955064208,9.584316310379263,3.8302966057645786
134.4226982073206,4.9281885541311805,6.732407741351727,2.669399526682923
36.33780067142078,1.623446075049479,1.411126192114173,0.5843859104776862
24.21027658297643,1.3462654110779178,8.57948413648956,3.936100097853934
154.9191480116627,3.431449771208846,4.4032233614518255,1.9059644409921468
198.63746357379597,3.8152017906339415,5.104853266446799,2.741352663855331
184.3321640552467,3.399689704436349,7.398698012899421,4.457966498383382
0.23812225502797268,3.1043244737449873,6.051361621755398,2.0240265005554026
79.12864432658307,2.545934138624203,6.988431527187211,2.364970206526628
87.05168738426536,3.0045684761458586,6.151562713313361,2.3126415172279766
118.61717171987729,5.616786215808596,8.963321652032196,2.358843928776351
17.805377274438115,5.081078700769927,4.4709123001600615,1.0515732805924698
69.51174650584223,4.4531310569721345,1.3039724850087167,0.4265117341303176
171.58018995914736,1.1651312419419582,4.660354399668986,2.5223201265143715
70.60066508462238,4.495157965294673,5.232337950115045,1.5620277976322063
7.527011020277885,4.695573895652626,9.77546345033941,1.5349130476886743
113.00926123056507,4.082293502482454,9.665974484232274,4.2454474991951345
88.27588569980588,1.5495497913186216,6.714907617039187,2.912095480987603
130.01477175666898,1.6867659304033875,7.263508933942111,3.8335831638470874
44.54803216620715,2.0294432584026962,7.252493436177488,2.648190451652206
118.71289084248488,4.595079221127817,2.613216313064557,1.03272285838922
69.95291428286127,1.8075599941989853,2.4499204841558098,0.6046261016956719
82.70509343508057,2.031850331521275,3.6973869808982056,1.609152380096369
197.48962831253277,5.266626846567301,6.526733671201973,2.348609733968577
183.2330279417638,4.103824624789466,6.0363200199936635,2.440710420783083
113.98335511006515,2.6769959632949547,4.541238308982017,2.532763869004387
184.52064883961225,3.069737525934692,4.911620790005648,2.1586692006318007
59.70742102321183,2.6520379019424034,3.3555270125860788,1.4003647231720993
180.2253141136403,5.616728808438773,7.707961350624709,2.653471172860951
61.47831038987142,2.2869893307076614,1.656945393423468,0.7765988751476273
179.3375705262311,4.059933562625656,4.5596973532771266,1.7757883552830138
185.60060650628895,3.945441314748978,7.7768334632154446,3.096639847999069
48.491611829077286,4.528436010507866,8.719523626016887,2.763041776215308
55.15758928406136,3.2544520081985326,3.037734576868111,1.0968204229819414
176.1835057581055,5.38536712564222,3.3741491970016493,0.8795128515957693
105.16490751366388,4.380108171581161,6.9164439834391604,2.1366912119579013
112.27144773503743,1.7305207187134317,1.4296981047085575,0.7487121180670065
65.63760116771498,3.100641210686553,6.448948767085002,2.6101048002623193
95.40560800365512,5.675896287654574,9.894944549952264,2.272919474521725
133.80157175298396,3.66589301238005,7.934833228148755,1.8241865798037753
104.47699216401114,5.290667956089881,3.4264784969227806,1.051264678261792
49.83544373168547,1.5180567118278956,1.0717848984849243,0.36272477147801385
178.84324455298307,3.8550347479262594,2.1617988389047635,0.6728030334400565
138.25438942512434,1.575717645154195,5.308634764366995,1.655698442068637
8.67034566243019,2.634117413362808,9.093140025918416,3.148003852854412
103.71442339978762,1.9635819601664468,6.672675307004141,3.193663986064148
156.87380196571132,2.8527201316013233,5.253558689379514,2.472408826258509
117.12102313624573,5.2957175440246615,2.130948471543425,0.7595713070603893
48.88677002513504,1.2145536728863133,3.5032389916491873,1.6388709368057806
86.56746126451576,2.521933353748226,9.360103522068222,4.83513264245361
29.67634010841622,4.054692082980501,6.099161777581789,1.3230613054678975
164.59210221079857,1.7071757278307844,7.635670430002916,4.348937406997807
71.15429953729522,1.681802100642962,2.0331886696544395,0.6741696123183522
146.76777253117328,3.3073546712591666,8.726245116750455,3.7551675023060005
172.8638296667323,3.643825065604552,6.354150358769721,2.7769468711108938
38.062917188953406,3.9117513946213505,6.652039998008812,2.1069064378525573
167.91657726668313,5.819211810913563,5.998395133460195,1.8327197283257362
86.04882355161361,5.030822145897198,9.304280885778194,2.8739741429182133
121.8967888033403,5.721909167944801,3.3498231496836723,1.0145801741108733
72.0992424377061,2.4917231794131016,3.334374161525566,1.7569518064866045
65.45121579848046,2.9394314744057977,1.76177861282461,0.6164732665294705
44.56445714019062,3.7101987805489474,4.33887949908168,1.1396419652533891
177.0036014984601,2.4831170398834645,2.6521045767846942,1.4787470774194356
165.76271415858815,1.7878566508288731,7.0367365678232545,3.5213364595461782
27.146372248955753,5.289876306379624,2.7541252210009564,0.7354127704960608
91.50385900252324,1.9155579755128596,4.659197225207167,2.0293682705362848
131.20465592709397,1.0935828425458751,3.0879162994740246,1.585331529721206
90.15244948000552,3.8972278317691833,5.539912258632954,1.785704570338337
138.62928699671798,5.0049812442821535,4.566205546504844,1.6756787575688705
164.31088081042807,5.155975544006393,1.2940258679503214,0.4352153629041249
158.29394594074267,5.942882915941656,6.860125950158634,1.785914880671621
142.1511243400669,5.485931960525672,6.121727792495481,2.329699323413508
56.11595568273826,4.766316197163116,9.633369657778049,2.2522739487969274
30.59812767225647,5.023588361360825,1.8070352287568028,0.4232909751355982
132.5328349654062,3.4364777445105523,9.003417146015297,4.160616136857858
12.882258692109883,2.317479803723232,9.94192293538048,2.4543373145529404
60.419614922760886,5.20736194843564,1.5260081544257083,0.4104433485902122
45.67617853963599,4.969696081853472,8.51243664547439,1.784435812666024
189.44983638365815,1.8168476135278873,8.335600629685526,5.628150778176194
121.9003900055886,2.4016546093718816,4.517591014840185,1.8146039000309098
36.23480565615844,4.758032259969938,7.568494438002003,2.087779778708136
150.77833968740936,4.793879865090663,2.790732941101317,1.157286079704517
26.695313334932848,5.97008141701363,6.612476349911621,1.4105300963897751
46.754623963414545,1.6814608728975697,2.2099784387029815,0.9221721640964612
80.25453325154915,5.957532551430432,2.9397361564613913,0.6503831608422516
175.56294353300456,2.1486091100412072,2.9751362858371215,1.5180198469379427
50.727777791457584,3.3422301352386627,1.6094873220217898,0.6483148305167726
138.45160174795348,4.351637605611373,4.849986546112737,1.6122853229066356
91.25884974777712,5.6640733933368725,1.0963555048246398,0.23434486430677928
171.18055586050176,1.7099722614849253,5.3054930827547055,3.3955602754485845
121.99223093297103,4.754518807449591,3.836698302940362,1.1183452181762434
179.72900084911703,1.28332766792032,3.501946104882616,1.8727148588177251
74.03902144820896,1.280250202053856,9.474059172955181,3.43191502213186
34.60831181740043,2.154151735257958,6.235490851142686,2.102290251837487
153.9164949332403,5.080323669598856,2.5356458806610864,0.8519869025350494
5.808677102304727,2.3542661710358734,9.261098217642695,3.0315221314024767
158.480751710847,1.2333335625773592,5.861653861880645,3.981576118449906
91.69053296461904,5.732740073360706,8.195994267119087,2.2089258980831548
161.8998851498945,4.98581635204709,9.255441963189496,3.1783584502430324
3.2771037382885337,3.2710944234467787,2.467398394782144,0.6624345640287743
32.68131712364762,4.985343431398375,3.6340667193313885,0.9254387865731379
176.216008325368,1.29244845507095,8.328917860299843,6.126363668908623
144.4424680077838,5.581459121082927,3.330491527505104,1.019414278604204
176.61956481108746,3.312849749984119,7.985691201880371,3.5688544363632255
20.31805788233434,5.586721378426517,6.7797380218249605,1.1552433894430674
138.19676413415704,2.6055746311262347,3.344050949255226,1.2538513820109523
21.174169514028108,4.933298693314367,6.406481902461027,1.6089057402902613
172.45310423206794,5.6282965415608,1.450417954302252,0.5040502921818365
71.95215171548539,3.7081199447583404,5.831406428304124,2.132825377910347
184.0996391187701,1.7704308177761654,7.0987443269971635,4.152987497029406
125.78446142127804,2.6973919982384604,8.849888618142948,4.898591682258146
12.817801803169715,1.777759191269349,6.389174821681746,2.0658072762805966
160.5328901943347,3.924666396600794,7.19283332742139,3.4674807407017463
77.0554771933003,4.791247253633159,3.535726788740634,1.007800358142189
50.944492094007266,3.5356661798323348,7.655478360704301,2.2343188031860124
189.43086303383922,3.4273389298134957,6.644809467260825,3.5301157097516933
90.27390267462047,4.847104867565951,1.68678228668766,0.5301586329917795
37.261372953250515,1.6499536366960528,1.7735740901078114,0.7280955822786829
9.429255305567086,3.65457926161176,9.694092352849353,2.636658610118754
8.392726236143977,4.484445376197085,9.8426819160226,2.2950175978397067
110.5597830056081,5.036712084644034,7.684725534377371,3.1745996596369523
9.99932388903144,5.581653918730296,9.783981718788057,2.213568139169653
14.78678204777031,5.27528873270317,8.766584764565621,2.0259897498528048
96.94625182650691,4.467929774375769,8.18143973248836,2.687252052214474
186.50648031463516,3.9913211670164235,4.172696001321979,2.138108611589455
117.55139078441918,4.097131796823834,3.2663723845035157,1.2850350415313314
70.99192914098917,3.990888108251222,7.616967856673492,2.4568821508901615
179.47997713732434,1.5469598432627225,1.9182129618076333,1.1080145124255059
35.10057798341657,5.526580180683359,9.508118029611511,2.017272384962147
149.6876586296069,2.2488667003926643,6.018006809723612,1.6297758598850458
36.35758036904002,1.1073200762538817,8.7143951103341,3.7081239805492294
29.930703557047188,1.564934364545363,2.5853281124827077,0.9166863918195358
135.8254407651763,4.4254960645328785,3.3460577228659645,1.509852532758312
175.81401414580492,2.9125007037072397,9.623026197636266,4.892818378422983
181.75432562127517,4.700189543364218,1.0135695429981095,0.3257862345786032
107.91569324799472,1.97751007237869,9.785457764633529,4.610486440808418
58.88552859729814,3.214093091979961,9.143592108053154,2.6658561501882865
3.7043367396790483,3.5110167578092897,5.667084421901864,1.625709917787169
101.71491443994687,3.900553044767999,3.975342609775752,1.490488847849952
54.192424512840695,1.1040477977856802,2.4958909682401975,1.2571471371415384
172.03628029553744,4.069248336669674,4.397708437544085,1.6449360773195614
101.49736804418967,2.746804344332644,6.508696920385945,2.767192818754571
174.9911938804713,1.94733244881119,7.136839002622331,3.2429138006778446
99.36703928914466,4.119570229276672,9.13396373864214,3.479112508360551
79.4521904396097,4.173304187429421,2.8828276577563945,0.9971786736889421
189.52572923548243,3.988663306127522,3.8487916568445675,1.854884567795457
46.63429151178518,1.9249326382708,9.291537102178285,3.630947188395078
94.83306008414442,4.973952016625417,2.440161766174709,0.7606148329732487
71.73854495173502,1.7680547988987292,4.7652477378024205,2.5672203239232263
177.1644508829228,2.74644841040436,1.753434600501052,0.8727770469995288
161.9042420455612,1.6691061343169569,6.887078466415173,4.015049935133915
114.54092372227869,5.637232242437746,2.358184384798724,0.5390942198584405
57.1675063923383,1.3566793472536023,9.31654497073716,3.507996237743192
191.01004887958922,4.843024649117615,2.9652967257676544,1.1732745695228888
30.326952921468585,2.588730563067072,7.8170575498310075,3.085724716561028
140.2262845360721,3.01111596944151,4.923024804884744,2.159791835682145
92.65447060521701,4.60100775258109,2.387523932842712,0.7176235131516358
81.72110940867732,5.1333407022961595,7.504478787406763,1.9253973266724966
132.81606102577678,5.769776768233083,1.3847085973857345,0.3561053530839617
75.3966422021356,2.6761224963979915,3.332880501534949,1.3683182023295206
102.87441168288565,4.2315356533536015,5.961023539727791,1.5812050368264376
19.41920845885836,2.023813587570613,1.9627223462411583,0.8141027322471303
130.94025632487202,4.801415594344335,1.3640274658239218,0.41334487797524144
54.52227081939074,3.6721634660537408,8.658923067301853,3.0592407447108565
140.87449588706966,1.7851696038332707,8.370298428694127,3.6124567721183594
16.741591955393865,5.252518644624948,1.8492509390995742,0.42956362520731506
165.7671379639145,4.9105548365514515,4.349018765558672,1.7330896619631517
59.21450482511788,4.313731398869176,8.950922012432475,2.7742400435048826
142.24575962497215,3.6916320306678747,8.827571801237479,3.127169955712389
108.68797364407237,3.67892731351791,9.922905494370838,3.9056389893304995
59.590850611969074,1.0421804973476076,7.8721832427802845,2.9255823721211023
21.947055355963553,2.6335830935144373,6.0064481708042585,1.8827858321585855
11.697528346573428,2.5465194355257528,3.7503523286483387,1.3680983260164623
26.71304320867607,5.184100839261686,1.0086399345339991,0.25138454931540877
158.9224925462412,1.888306817785548,9.352617841379978,5.17885583497571
183.11325599616455,3.4891400874497056,6.744528522489642,2.742390189119345
96.0883084603428,5.159541514280377,5.6870287801744785,1.774427189227531
155.1876764547064,5.798813625712573,6.740252938982393,1.9943832379380428
56.35379544754559,5.3510814159846225,7.740408977844789,1.213564161785822
155.0141584058937,1.5937597750050327,4.918099697813274,3.109791469213371
25.860235419439558,2.4809714875558018,2.622633397624921,0.8817291809419731
122.10300138728223,4.574295078596546,4.925068417772426,1.9866608579431078
28.966114191779013,1.3755185825119889,2.647195586219204,0.8614074878794109
61.12765474643857,1.319819228554969,3.5588989590693734,0.8210720128858052
122.34684713622276,3.6594876951336173,8.162539167353675,3.3668993619673793
22.553579928583645,4.6636946158706225,9.438948158917718,2.373822763017625
183.4073154329874,3.8417597998859585,8.756850885601047,2.9555061601083237
173.16821979271865,1.4502380069739904,8.764307689182282,4.50434702984308
89.30270098660027,5.12691175044892,4.656261438825336,1.844301769727203
121.88207297632314,5.883821145183081,3.499165722566141,0.8828461528992941
138.13093830175094,1.4826753829303265,2.447952819043288,1.4880754623700632
139.66179370755327,1.5544683238623977,5.945974716388594,2.9278555913231625
11.402611761301994,5.3759169217940785,4.800235030713617,0.6641072158429024
4.187354054302661,4.440944468420969,2.512823532194446,0.5681899334468529
0.4261896943866583,1.0269132237075087,9.426215758699001,3.2549450300637623
149.59914857341892,3.6962068429835346,2.7405261017065228,1.093113470719187
79.2059334941984,5.364840876175506,1.0346396110645624,0.26342284473874805
126.36166072847432,2.6331873018150445,2.6151438760114845,1.2550964442985952
48.85435832484948,3.647300805864649,3.1144898082949197,0.9545936904761897
141.95687473105042,5.676587781134175,5.978356534257621,1.4169761323118415
32.36776430145625,3.08964924672437,8.292850446280092,2.8416681576182614
34.18321856854074,4.891767060926378,7.905757326656448,1.3540171017720628
12.489552884759437,3.2555093243013165,5.805836850982593,1.1591405672359998
86.4391090929718,5.113174768440001,7.806578613261353,2.414890952402351
186.7124769748235,5.288972848174662,2.59579365398383,0.9911443320339972
111.16200088403141,5.447676956907254,8.938127188747572,2.4920110856798985
100.32033266039755,5.464784167161752,7.058574513393893,1.514196061385939
176.55279034337187,2.019233175161859,8.331016260034364,4.2347582616757
81.5018086137299,4.734919133905388,5.550923638239521,1.5666114643568763
126.99994759864317,5.416364119615627,9.671275674410008,2.1789509705327306
182.6101911236722,4.75021267038403,7.911672723460303,2.7333190505091256
35.406625863387276,3.274378989068972,3.230489439565546,1.1168236262087314
110.42999521598635,5.825661211348008,1.9779414535118955,0.6221935070561048
194.62949942705868,1.9493595792000193,6.974416096155147,3.91512430489268
158.22038822896968,2.005625423046534,3.0304794792239833,1.835146337415058
121.75475977712058,1.495746756830323,5.865078342276349,2.185019268791466
101.62036229832441,5.8540822872447125,4.143948540683117,1.1420409393653899
37.366992922256294,4.685865610841163,7.5549061648938425,1.6887132787978936
12.660137606196065,3.3843535902115267,7.374223652787954,2.185501084156505
152.8507690672326,5.7048726938783085,1.178063635934483,0.33944197743236026
190.53351714559352,3.4113924239951494,4.4707847077753184,2.6262099576037596
130.12852377213352,3.112459680271061,6.662346992717422,2.533340344019309
74.04681418168808,3.9100058662536794,1.0564655044170954,0.3799278355108815
179.77079143275674,3.691131328144918,1.9040603988372187,0.8364523319271473
130.83783807340063,2.3320051970840345,7.93292075898903,3.761078188157029
124.23398215686628,3.3354444133750647,5.001352128451335,2.029233075014859
81.95031153675747,3.3032215579681425,5.528511794307396,1.7808467876091227
22.133799422298782,5.84968493109274,4.770993264138688,0.9074252490366582
170.64575930422694,4.216257514318444,5.869160050414591,2.401519114047973
59.78171579531357,4.303705770428425,2.603755717052654,0.7935115014949866
135.1113870987837,5.953378763652983,8.397177790008179,2.2972981771626855
30.135058911882638,2.9539461797800057,4.3177550678207,1.5593426091108624
190.6682056516041,2.9962688734332685,4.460249907325762,2.63909824429108
34.16298569982581,5.349388046335498,6.1727153097457945,1.1534881940796626
18.840158191868372,2.6183639112195882,2.8372601551743672,1.0339551940289708
123.3485318828073,3.9658830749058867,9.019982178299255,2.8096682547815917
32.50152966891018,2.630751461666662,6.421095739718217,2.3733385534097855
134.23249488347068,4.141372898089212,1.081292173832405,0.4490241798972296
88.86752983655649,2.4893076154066036,2.2285331727116113,0.6685011634806444
172.33063520167732,1.112374068984829,3.413053673853086,2.1589372687984993
95.03590336847212,4.824160904338306,4.70805159812765,1.3209374964674143
118.05313376853279,5.985079366881877,1.566362231077466,0.3548476924616794
87.57455136491998,4.093679450316626,5.359880933123403,2.15047452097034
112.48717308617715,3.766228980639833,6.357600958016208,2.1713699384972154
61.39870537221677,4.3985783345263645,3.2941909062292405,0.8430685601216729
70.38866681692588,4.08903466353596,6.13880718915194,1.9601160280466037
81.12562041848838,1.3763398510816813,5.581530449851388,2.881969638977797
160.5455407623389,5.009913299384279,8.622818996909416,2.9599777426009037
22.508912400831992,3.3102166594017994,3.60077733956323,1.2607778049248075
91.66710901109508,5.718619459491736,4.090264147939688,1.1062778506516238
79.73359932463784,3.9076248607201425,8.27584536968888,1.8664590994156822
21.36356830185875,2.904103208071265,7.98765160335987,2.306692581901688
106.74083833091612,2.3261054936802297,3.844333865410736,1.5961749966387746
158.4670478178978,1.8333264538229006,6.76008761400675,4.024525341589119
161.2407079257048,5.379191398989884,3.940003161755749,0.781516963309558
34.180270311635084,5.178471337543045,9.879266532380814,3.132645981794804
32.805279491054385,1.6977049619398819,5.128128352401857,2.109618766217401
79.34152394565159,2.4493899253337434,6.416463808086412,2.689412642231448
12.241309908148912,5.199336414946772,2.6122734430062478,0.6439270018108052
106.92825739616725,2.26331334406768,5.68075112208256,3.510345292438785
154.03448823308875,1.002723841230644,8.895338422481831,6.0587370604892525
114.62687932781054,1.9497694624563313,6.991528542641408,3.879688658940064
8.229801550328752,3.412338044685172,7.0008156249912945,1.9771904556441853
108.17142062047903,2.1848059527149184,6.355039534211457,2.8820483733974886
94.74536368535679,5.16703778708765,7.69161548430913,2.0205330655284914
21.197261740762308,2.7381649246809645,9.858231967608953,2.767611177641354
47.31248023296726,1.7468866156583402,9.641182087538418,3.45819112039587
157.66055788182913,5.575992860374054,1.4251896739429744,0.35388883225458245
42.57081306863466,4.398285222981625,7.48183464641419,2.013752892898627
151.95445817533903,3.016485299982969,6.32956486193419,2.2251147248640843
173.88775166653733,3.982201105203143,6.805443814618526,3.0258051607263465
3.4574790465242478,5.841204693552687,4.216927524556391,0.7412013861617724
58.55676844282656,3.789790751824499,7.905287065267557,2.5664946818942336
38.31637922744158,3.191374599141922,5.872260749226048,1.743280665047556
168.93414690673745,5.952637154392515,4.887938842471163,2.109794209134337
113.89644451705561,3.5132680595356978,5.318671332492124,2.5281263662158553
144.20267479459375,1.0975283851335829,2.0648364110095456,0.9757330550640928
94.42081773578445,3.07222695939939,6.784651504701471,2.7824527157749155
6.9838941562622825,1.5649928983682162,7.751082083854111,2.4558886757654945
85.54535861665194,5.442777994570588,2.105877194020517,0.46471197377438156
46.18523906377452,5.594669949100405,3.7271448638084923,0.6571016853777651
193.7857884944454,1.6576335281674928,6.357754077339786,4.187545409803456
8.653171946696414,3.4197398228294675,6.987386376310116,1.7388949360169579
190.93842867305796,3.7931304612154846,9.362130624114151,4.973325225313158
163.70004105053238,2.8711262257708117,3.70795131072392,2.1069829676549845
7.723872926577635,1.7088169003798601,8.003068842995273,3.3206834252618824
23.365830367218354,5.550805961496867,6.501536483885412,1.1577896084699126
87.23759185111923,3.3884339681613076,3.8388374104496097,1.5244401076562122
85.09404177683354,1.8913021603314875,9.450466392159278,4.625687007754542
36.16000730527069,4.0449420589176714,3.9860669681668766,1.0423739280794961
43.09097071270664,4.176011355501275,6.939158645675009,1.7359362914677088
87.91536508966713,1.1469978041432718,5.490135459346537,3.3440841308361415
96.08006313557411,2.9439881780584893,5.870654684284056,2.460559944439554
136.9468596361091,2.6284015168385735,6.3755895123298165,3.32216046475627
120.15645420115202,2.6312879387558423,1.867500145978692,0.7427645254558877
164.81789621380142,2.158801299869178,3.0270175249342497,1.3430643692251454
1.2213282124681868,5.152183498510556,9.72504240449234,1.793348903311802
57.49397178443809,4.643270781177959,2.9634522416788815,0.8011297256886817
33.24482843505856,5.144497359613059,9.095237362112018,1.7584593939089361
11.271320288366526,4.705111602289112,4.5494780402595705,1.0378393965000505
131.68240664129684,5.7325242717342295,9.374664484115645,1.966905564116011
13.597892119431055,4.58565575551736,5.250712827827461,1.0289532877145096
184.6271422189488,4.2004625403577975,6.699765970775447,3.1606480610416265
92.66288652219397,1.7852646867036328,7.95160805759057,4.019934162825735
107.2143415250451,3.7278890360707937,3.217426959852647,1.1355431524131634
69.30101000619686,2.6049250853197834,7.0759608960975715,2.3313397028755887
110.82876969087721,1.8548459478074548,6.260103412101719,2.5725507168593325
61.05476792203064,4.406339244607767,4.116478042747735,1.128564297458835
142.5605309891959,2.5631390773282625,4.654721953279565,2.4863652350308203
195.4996727442102,2.638458687411753,4.314190540720001,2.7089947088683255
16.80667914245526,1.3328005617387264,4.023894207523259,1.388198756833857
10.44508744641095,5.258397394296977,1.4244724755693614,0.2420281718810468
61.702764927277464,1.4637307024868709,5.034131706408949,2.275563230171966
61.451262636847794,3.358079635736386,7.8821719087294735,2.361949696400143
127.72571476522674,2.783110043867575,2.2703146612500245,0.9515069044608456
87.67208140171323,3.644621980629866,7.690149111141066,3.2964670969946868
146.44973471134392,1.5606749219174245,8.105236445344538,5.059552771743332
92.24881994587552,2.7820355884947237,3.7025223025750407,1.55114061234928
161.1555307805274,3.8553803436257814,2.794949176457652,0.9654466972936667
57.876991998263264,5.506510071569479,2.8285707855956495,0.6837139868259674
66.67400782014133,3.441651951914471,5.808840343896795,2.316102025629036
44.4491076398428,1.6240588251445867,2.9599591552582947,1.1211360103350867
16.629177143941696,4.937576527470636,7.195427550445148,1.9383224160834382
47.92918536886317,4.221548740609199,9.265997517167614,3.1621944223338017
196.0806074473557,3.135620077563043,1.3369111017645796,0.8627867747795928
94.88685355488597,3.6747394684562247,2.575743200695257,0.9807647038812779
182.72173785688935,1.3415868935222317,8.149635006239969,5.535069906128106
95.98380408183493,3.376089177887859,1.0867840987978061,0.5027130385922738
165.44198476501097,3.1739746698720186,3.8437272620084943,1.9551316699503687
12.518975605757433,1.9076963783140157,5.006533065613996,1.5879112997537377
61.14591271965757,2.6335736524958993,6.948044463354066,2.441844328935605
185.31643499052169,4.644692719967148,5.343678297918365,2.205357850531194
161.1554008487596,3.559289375320171,1.9137444913905592,0.688689884433636
112.90501186769752,1.5368996544271871,4.823702031150695,2.393179162168516
95.67323504089045,2.462686817318809,8.824208776903475,4.4288825959292515
99.31280476990689,4.676103334098713,4.9842377430257265,1.05037338168996
75.77998032199645,1.8129263889972065,8.281649526785422,4.460118033995596
117.7700667562223,1.3265220294496762,3.7935247273769606,2.3334983848957602
41.980029364872905,2.9802688858118547,6.288946944783708,1.9680024245812093
115.11835196160156,5.443294047417886,6.661944867259271,2.0516538809155
86.00232491194176,5.858343933002471,4.0730954518461555,0.9726988061108168
121.91827682784486,3.8755778292505902,8.112669529474811,3.677541787629612
137.89874618788244,1.5608276668274481,5.7903938245787945,3.6053990344538023
110.82071712655473,3.3984528045309714,6.196954981629975,1.9473822461754495
106.25834301996355,2.1697627169139797,9.38011344636845,4.710826921304433
141.7740484183738,1.8186291566192976,7.338445676601376,3.786200587850729
108.06051581271137,3.0479937517483204,5.698604990650597,2.390685981504437
180.92042101545607,1.8510059360620041,3.653281416809275,1.9083078958511672
55.387070381824,5.689415041901163,7.988310885804334,2.253814552235059
59.508160679419596,4.755412881790216,9.108496074038392,2.863743869208685
133.99838896851563,4.620985726185932,6.245550329509447,1.9460818685655472
87.60808433696114,3.805200029568324,8.891575406032928,2.4817603197831417
164.77704312671767,5.449164699400898,3.9573407375513385,1.2136395518740306
141.9957512185196,2.742647392832999,5.67909358544473,2.874317984848843
189.089571711887,4.709486280052434,8.583283188425167,3.535075078260558
10.268426208421744,1.7172961187160425,4.96996644665846,2.0510569067811453
116.76139751488084,4.655640391216171,6.482824392192054,2.4059695069496216
179.43880507733613,5.228641749590638,8.547324789060713,3.4536724286599996
164.0003370309755,2.4961986440724235,5.864031163512043,3.1964798583498895
127.8595501310168,5.536519566918876,5.0666789344580705,1.1620524532023486
16.389857921186234,1.071943548553819,3.9534957986735906,1.4691772479984928
116.11989964413776,2.496243510987761,9.689376274974862,5.12367552327084
185.08810747970858,5.054425921249447,8.109168055600545,2.9752102512892176
158.9610068886948,2.0305534089153277,5.4670576963197055,3.194215654393238
174.76972663384075,3.6153614370120253,4.520967489766948,1.9717836886401854
104.67401311518422,1.4150008850628584,7.535075075616986,3.1959292626838804
127.63906423700587,2.049600225991126,5.524997406270139,2.701735050297513
150.39710020187113,5.24460640312642,2.026692464785623,0.6926772075869997
16.38320621568299,2.228808448082007,9.874643473867776,2.984746496696291
98.33682154758594,3.693852934233336,3.4759201817761354,1.2303332116539392
183.28711887681388,3.8821887080131656,8.987571696859565,3.4686971376420614
4.532783832979925,4.974634096666989,6.910220535489014,1.7067708797685213
173.2932671398981,5.218550202255524,6.155727860871519,2.048333853722985
169.18463135797376,5.166972566595902,5.007654012829757,2.1225114878350064
115.4184386834414,2.852032628492374,2.3302626538460407,1.245406616355394
172.2886121648929,5.623058342298807,6.266810043674205,1.9811057191531019
44.20223209725713,4.946593194219053,1.8048724282684705,0.3810671751974194
165.8117825642123,2.5654048600984183,5.541333078191796,1.9701536913463038
150.17159584264087,4.77272083319397,5.182115045567327,1.4393670799888687
149.80045111758818,4.844011010085587,7.02042361248845,1.9596278445159063
39.03177399417239,4.366672746634626,1.1797767185804187,0.3845728796099183
148.8826410793332,1.6093026912090656,3.1701800606055794,1.7927688406259763
116.89860534641178,1.0521761644117453,9.626733524492689,5.513312572624876
106.52765203364225,5.264156392719792,9.862829851126634,1.8926110166571242
61.47475411653682,4.231591540058686,3.8363420452628705,0.9420599184491308
24.252516393883973,4.617534727848764,1.3803628248401725,0.38247735628023466
11.81416167331404,3.655593951347846,8.437166026347157,2.3880103942583837
159.5202194170122,5.277926292355675,7.454609737598542,2.422659509875481
8.543299560855422,2.638701374120881,8.913876482998289,2.979804977261565
59.86737193491669,4.573168235310858,2.8592566892813758,1.001104756384276
13.935759523178426,2.7162551333258365,7.274439969328588,2.1945592197447783
157.4035592838073,3.480946749658941,4.41203183544974,1.9928628158505237
80.41139712908998,5.575063043827965,1.709793053219442,0.4383201690546328
138.04142378073774,3.5482850045198377,6.396254670683213,3.6543932602815667
113.6699873884708,2.0449289662104047,3.1779504208737035,1.0427722256295793
123.73639056139237,4.521572537985236,6.639681965148229,2.53606956226914
108.91053426527546,5.877138691910174,9.789149722169947,2.4533925355641726
168.31083144395595,3.1510090340058348,4.300462459741697,2.247498289663105
191.12527562960798,3.2518138090394113,3.216792313557371,1.4563202169434504
130.13230463014878,5.303870886036529,8.38370221391441,2.543221182539027
47.88175759432192,3.436717062000178,2.673436531525963,0.9534265083163277
69.34347121395751,5.386103716332099,1.9113579200094764,0.7000987875196814
58.035463461427874,2.964436916877284,7.109584015019229,2.8443072118053463
8.517467469013674,1.6701196297377032,5.5725229024821665,1.686339476309207
