wind_speed,atmospheric_pressure,movement_speed,coastal_proximity,radius_km
180.7579213437524,945.9292787816453,39.374509988940495,744.3097758283087,93.3392029073032
69.46089066131185,1011.864543253512,85.2233033334784,573.3449225381856,29.859100773347517
104.55307817053232,1039.2354602498165,81.31606713326319,628.1183491974051,43.22898490239057
155.52615438669523,990.4323058087724,2.5640571236904885,566.929997360242,144.26598742701378
4.8288846470732505,1040.270956450799,9.880420038310312,920.6696928452246,10.834829686800637
160.37904922421959,1001.2303261622203,84.943008341599,253.5142254724273,70.03663793278989
163.6736865088518,931.9289504247018,97.35795629440888,248.70108274096603,115.79809915005683
89.20139787153869,878.6038403094726,45.820457264113735,990.9756901473352,56.19137202187238
52.63473953099718,1012.8553844161822,20.93810182696414,770.8089043459512,36.750691370309646
109.45554323239163,927.9386071363602,40.132087285309396,348.5391421688215,83.49776198241251
163.09389050611557,1022.0495722440671,85.66463596289564,333.76326674077427,79.26379225694009
123.28054538106137,1003.1746787199976,83.62356496297093,227.5709235409955,80.89747350900657
165.73662207400076,888.2336701791796,72.19406671109235,639.4517377470826,103.60204748667235
62.58486900001723,959.4946847491376,18.619214562002174,382.69638420752517,39.23040153260514
52.936078393423536,997.3312955154428,35.0593904681513,805.8974999023161,29.237124524586953
179.1560461542952,1005.8587523449892,95.93083349506794,322.75977742617823,104.65894239918501
22.296120509191965,974.7324303976816,90.8830326096112,700.228301005868,9.335888022934046
112.09705814153506,1006.2187039910691,53.82543591999121,397.9712323730511,38.01352474590674
139.12721734633348,905.7515302062442,9.05422174309608,597.9693823657728,120.51939031295825
175.38661012528863,942.8346761569201,26.337004561547516,715.8881004166897,145.8630520227392
106.5655504968757,941.4162130947844,92.1258325764836,103.62602654851582,84.42029589206916
191.21499171299092,1016.6231554580003,88.74511033183875,293.91225884422676,89.21103919744894
114.02135636023472,884.7980882100055,99.94388909997407,442.5360547463151,77.20585416252457
8.154568442558618,968.6376989476541,66.7521327679435,273.7882958826362,11.730851101383621
98.89858547518938,1019.9846336626576,98.32622946722445,245.35173829746205,34.03800190459975
45.16653037124261,986.6211092924666,21.596809584928078,12.418354278751709,32.3444071893909
48.73604024140607,873.7393116530451,61.22205144410825,837.9307198446236,40.5568424623333
82.90516817021718,969.2207077123751,56.80857017058067,412.3235656772407,59.09876029629934
169.58095508600977,974.5612103635895,62.72551087696616,888.6041410441896,91.82301391085811
195.82621661887137,1004.422700457786,70.67459285020628,981.9161919055052,98.1973617910671
160.68521708507137,917.4403212788451,37.02285018899628,900.0528598241941,77.83029763963657
187.38443439410003,927.6278501545372,35.70741718786987,958.0910928040672,125.71613580869445
26.898560407254912,1024.790045983647,98.62557925465316,246.8953564432045,13.439888377994796
107.65508499586353,893.1776414617289,98.10110249927598,784.2186092250363,61.26289983320238
101.4907668655424,955.6327877667902,31.3484781271276,807.2535680703353,72.87964202463652
120.81831727597776,999.6191244028635,71.75645359020268,644.9659614003673,69.64617832263599
110.8145651535355,1047.3138752603045,46.52864357019472,574.2591532812521,51.488673894684354
10.640291065333574,981.3850693316517,49.713294648425965,436.1842503000628,10.255695656494856
190.6328022417256,900.8414125739092,55.99587295090278,558.9960414936958,131.78309534733143
11.509153091671509,932.5685581996497,86.75771482758896,147.88012254071847,9.69008308045593
136.40140198828618,881.7742966998529,71.8868794114071,569.7536263764803,119.03566578354118
189.47022541840215,1000.9968902540494,71.36121883819885,490.8098163517566,107.37319288561358
140.84356392080363,1039.694667488368,98.62065940815658,215.20413951427352,56.52558482800836
90.4223446694393,966.9112261049231,67.46676214386602,330.5332454485025,61.30624563905342
113.97147297623206,1027.6743657248608,94.62677866752594,144.23306857273167,60.3852788283658
107.92252269413851,992.6379113319296,31.445859270344723,6.7753417111077185,53.8088279802622
121.91888697888093,998.1804684981997,35.83495139140462,119.6833832161196,97.48863832610704
195.47076980920642,980.4930827874927,52.97719792553144,730.3803426117242,113.90874021879961
146.51126741561137,914.7839158502277,60.15254689286217,758.8210030614598,114.74046608924832
35.868163162081544,902.622856686322,64.94070137204689,494.9750507523649,33.269288172182065
23.90001912681774,886.0390306781907,94.61471393969303,574.0028895506904,13.645677393052797
189.80597806774534,939.7412053114512,40.75741870797478,696.4150553525056,125.6722745518517
27.70190067181817,931.7931606839458,9.586329990025888,355.15695197441386,23.776644023979923
141.45259027236833,1028.2316157621335,49.968182363163294,184.56638053436248,70.64696109395841
80.28555095286262,910.795236849905,98.5636023038814,633.0073258397608,65.97368847481314
67.94403411705416,1005.326769627072,52.386727376109235,20.400761658707633,37.594828868120594
121.23188534513247,1046.7618221065634,5.914620073668719,373.1469817123586,64.85364962002657
33.70262235660686,1043.4479561248659,52.91209668858235,4.66102605208496,18.709752207592064
76.95070401767474,874.9776405394589,90.5145045877089,563.3647022756637,47.62248332307345
171.8717248281676,1042.0281062351967,18.848209557296148,620.8723969623547,88.49976824466532
36.35734101416765,909.3072943064525,34.52479623032046,872.097094976761,30.571453980609835
182.52292596499794,977.9492949496977,57.39850117037317,891.4367663912295,102.42920556524786
141.2735132067994,1028.3409500044365,17.74920113930756,148.84975414247415,88.57138873935347
163.7990898566044,875.4615000782525,3.877428125808413,537.5898472088093,156.4572209272324
191.60627393968025,1039.3267220381717,80.72048346269723,311.665348224584,69.26014629437343
58.286188703440004,932.8297238271368,18.041675977488104,518.4888479663827,51.63432308643323
180.04612043458457,959.5771888998802,60.350336995164014,997.3419056325525,138.71394763763342
183.99982800691825,1038.8072872298962,92.86064703649878,547.9804339391748,78.79157665111103
77.7691688896159,950.6284045422226,11.6381627833136,554.4618447532026,65.10797230120744
67.66878850195135,935.824831913774,23.94513559370268,817.5855017510663,57.99421678435491
37.66803710766726,942.7712448499074,35.83214063839926,916.6105015750649,21.82217073247381
184.22492963138728,1015.9633252907413,90.96680630718173,707.6374348596597,106.83057489960456
167.8124406801659,887.7804666206192,51.98438025336971,663.5125998765537,144.18061046166534
64.11061273793433,964.9207478861466,57.50867925748668,531.9256821399392,52.800301126879134
78.83698308009426,968.3486017270068,20.093208761931624,320.3164200147663,54.31923644144686
89.58091402578742,905.6474728340853,94.42472802574878,426.31919983206745,79.78770860708838
87.02776488224706,884.8300000152273,2.3834150219257166,104.31850196059412,106.60388656369048
112.25059849635434,979.7393824904082,30.589758230458642,992.2873585399982,76.93906633638282
154.1481543886571,1008.7516924972044,69.89016537004376,527.5501298253029,85.57519020893264
8.32650838506057,1040.4203739468287,30.71198306388596,587.4698590327157,9.627207072888327
180.0552689601107,967.7016656935556,64.09324281934919,739.2570528980793,130.661200746664
106.85842637414203,878.4973588140181,30.29459222026273,188.23901080910565,109.65540078729236
192.83742239738058,879.4383459409647,82.53942555499476,873.7052040830556,98.89626131390642
147.70801739152495,964.3171989385764,17.82901175971745,370.82392484794093,96.37034073563153
139.83662284124,1033.9191782370863,9.865073455299244,949.9643011816247,74.63983692017426
178.47121539945474,998.2339042250505,7.29634815010024,203.60823344644308,137.7580410882929
41.34738828412492,985.2758055205871,1.5592709520711567,922.0863385609442,28.325655568867795
41.20596781420811,994.0901136468319,92.43122360888249,4.738784614173985,27.657383761511944
48.0774770074996,1016.4547945912487,83.1304038545122,984.4019649703632,15.354134805775928
197.41709886478748,1018.7829980336646,37.17837774573541,837.7873107936884,110.4349718057388
8.951357239378964,895.5004954917379,24.617316292050283,668.532805578301,7.273031161919268
176.38895798054006,946.1113080566467,57.05397330982418,863.7433789826022,130.23402154270502
125.23808227440603,906.8777305576883,87.8681046168032,736.6335683594359,83.61805447138529
54.52298731983214,994.2506262797186,41.588736939098624,413.6398537243289,37.31916364887329
55.61733669435118,1032.193644747953,81.67246414663295,488.2164914416185,22.574825386578762
120.02592535380974,982.7766774941546,39.546847374587756,696.0017663771406,91.96216722762787
89.82564081085955,989.3333454736314,22.29745914826121,637.5970550952879,69.85854283053335
23.05568033296439,1032.399085331069,48.853680540994034,183.3585615228094,13.990563554771287
65.47571296597529,1039.8305624218042,25.649916347352566,680.9056007491303,34.33068070103341
186.12386389824633,941.6768167262168,53.62600854518932,284.70482569566434,153.28403817059638
114.02166673764465,889.5285694075977,11.940070535917757,822.8774807274314,94.10469569789623
176.80531174261287,1041.037633386035,55.474998687546176,497.96721488824613,98.79280213982271
25.423005995490477,1049.2005233945335,46.89569881470486,109.34389465605187,16.689612221650414
45.72901582424529,1019.9570520956181,18.447832825487865,762.541411024457,31.24976944600494
161.28182272225672,913.5153321807887,61.53208268501006,438.1085614736849,112.0373624911828
28.55174160305234,977.4602657440512,4.105190681574311,933.6155914039856,21.181104868679377
153.3580362416917,904.0144963438723,21.04313576587301,317.92131098924494,116.79759903018272
113.76027019949426,1040.7460947892657,34.13474921843972,950.4143986910742,60.669606125407554
184.36795499254615,933.0210991439699,20.064929799409814,644.1351701053094,161.36243861766638
78.26237288122526,897.5575531305956,29.180559892650393,63.649380395081614,55.09413112658595
36.79263238193635,904.9810364876683,65.80122166960022,438.87159247182063,23.892331808392093
174.26746255238427,882.4889188395143,24.577612133070858,528.5566023573765,159.24257918829753
111.3706263320118,895.8054210132525,96.41765379723427,56.7131274295285,80.88403947342945
136.95256570746204,943.7863502893487,53.427376611129795,618.5862252152149,79.49735070758643
33.98304838549995,1037.904101445512,37.03721466543527,143.4864767008991,20.550839312366143
20.758519596333215,912.059153624343,38.121338936255086,562.7116565288419,17.962466500832566
162.74121312428602,1008.3651779744913,11.96420927122459,224.51807381344025,109.90870490769221
125.65731858491185,971.4549764857059,7.392401262963821,648.8626288175464,83.72748411534582
182.16229152147207,1038.6979685937504,64.47901531014945,282.46845070727153,106.0073327660143
123.20981828386654,950.940817474152,74.80694073264974,682.8811726761038,97.00239226067484
122.52170033759222,932.1263256402582,98.79774796716687,454.98428105659093,71.74448049933235
183.8853044786703,897.564825279714,53.64546766835772,360.1351471531379,142.38759423521304
28.8814802272074,984.6767785517584,17.435315968870878,967.370006356029,20.23676855473083
199.82809611739359,1028.7487482194379,36.80780957639632,20.937125621263487,115.03874667484813
161.09009578802832,895.9170793567589,45.99320695576924,710.685825942494,130.27140446275317
108.29970516515321,910.8574099670952,40.223094914126555,840.1353480406099,94.83933200694702
70.58827461019294,1039.5385968166786,42.11406550081207,417.725626085561,26.748549812191605
146.6898582165119,949.9007199065934,38.8442855056503,363.5602618590096,134.80752831055028
65.20219693388553,941.7989509102749,72.33077103639897,205.91508035367067,47.12014168446819
43.391862083360344,904.3737135999619,19.460193774107836,873.6061359145253,34.8523853985263
131.86519560832645,981.3977252350352,90.03543292237515,548.2055162075063,71.11435036440254
152.795315969107,943.4774561782702,64.40000482417567,213.513682729226,111.27935462762466
28.266297981489362,889.5570327170876,65.22374410355076,300.32027441766894,17.64783252116105
166.5775790150953,1009.4239790485797,62.359609016863885,50.8857086256872,122.0759312582478
43.43562772524825,969.3047532453122,15.671934678890898,384.29050100685635,33.8241483314265
103.50017164913388,902.4567420018901,44.29803417908802,693.9696088914072,90.33870425464085
77.19413424639836,990.0588367210429,27.33199818702977,745.971699659751,57.01087169432169
112.67280097192528,898.0540229039108,40.187648367188224,781.8589121165634,78.89399349359934
39.561949894850336,944.0321516764784,46.857976351453715,868.0300991122848,29.324035277573973
26.111016813844824,1037.6254442900665,31.6214603262827,933.0202174439476,12.639368474258557
122.46497948555366,1002.3571720201926,87.59165706880512,676.1894084294483,68.75100476778447
157.3924512644992,885.4350105215899,0.8668682874528932,862.2492691089492,102.7989674706493
10.550541179640028,1023.4681665613537,31.32938812044459,901.8037569276717,9.851358549638096
40.601414059973216,897.1085285576596,21.301185568840676,840.6785135419897,32.278924286045736
72.58801255111646,1033.664208924696,58.344852108147094,828.2545093194918,36.819052296644806
95.0174664536428,996.6485790277961,28.97410489860213,101.49948896717964,71.57470806370331
112.37751120300948,1032.147070456304,15.201689424557042,415.18586962253204,60.44055422323146
106.46103607152624,981.2920006643413,15.828042150783583,552.3212077370471,68.3664789858346
93.91353532651453,1046.994543601738,68.99637121557795,903.6516118749215,39.12125384287772
195.22494541609353,989.4964361948694,14.664629034090648,444.90388853154275,120.62845738517719
151.13470262196412,894.4077733042965,38.09491431177637,379.3697541719678,154.2772594285862
34.091591488030694,873.591741513547,68.8121497539975,817.9517042814509,25.4127748140575
186.188436211551,975.2804167788017,18.183366542557934,893.9880432177831,71.75817482185144
194.05934138859365,1040.3887340494775,56.67830060707689,885.6038625521708,84.18506557563457
197.5630597546853,1029.568326969402,6.888999176945887,134.9434005024366,109.4676573331969
60.0209082325893,940.8508353309148,14.94859986824677,992.8968022393351,34.471090627830144
158.19350773157834,990.4026959499995,96.15751105116513,320.6985838141252,69.10226565176987
142.28163628694693,1040.777119409918,8.30726947986472,602.8125582901456,82.64583353007032
159.86353381685896,872.871996253246,89.10476981872523,417.7386611081794,150.35247933963996
33.81203169407841,1023.2255086711707,19.202314699756194,280.24584041562963,22.392767078293815
104.08632144969681,1034.8665100650487,48.960905014401334,905.8166531241083,45.708078770379856
10.402214004703026,912.9847071028701,30.66361193590863,448.93106815333607,10.683856292756055
86.5899344347683,877.2820328854813,74.9997623228257,759.7650636486217,62.17926574810806
91.61750474484343,884.443953483741,55.12741135908201,130.64985626965776,75.07907358604503
195.64973253987006,982.3505379402787,73.46412656728371,19.212158789563617,103.48763279615562
76.13422304338573,1032.816267644031,38.001693329510935,35.98315786785089,33.311201913010095
134.3807835434134,995.4340965116437,33.56349123030446,803.1460308476106,77.58430629125083
170.72533219106953,1011.1416637630207,40.719503691256435,342.1286875928947,106.94674462151372
188.58125112390383,999.4410792521077,55.2382649428423,488.830419493028,110.14653341562055
53.33450598017293,1034.4043231083256,91.87761148200029,84.79530219342679,23.739328301247017
133.24451880654945,927.3505061497259,50.879128199681,113.52527158712932,94.2420431364968
162.15101648647462,1015.1207977322593,10.704960855067537,74.41462708344471,123.33232265706378
74.67765817785138,897.7211030046909,80.14570566784242,778.8766778065791,42.66089096628403
172.73807983906798,871.7361439031309,1.344722313063973,806.9862450743824,193.59928065810738
174.03191910521898,981.1429203500517,15.624379055764459,626.1263785186733,105.00070024104875
174.26987583802602,952.9373394964674,87.34014356948482,786.1316328118597,90.22691725339298
21.166547555573544,891.9561111190167,70.41476304733376,199.52131001652896,13.795265713164817
149.21281624818135,884.608007918324,9.17038822044014,951.3919211297178,127.015707843613
0.768227030291202,1012.4866913512958,23.307574697002053,49.99863145484906,11.462968687716968
15.882391314060907,927.6728912635245,52.933348113774194,476.0441095944563,13.122303104832548
39.459950787183075,1047.8273241903935,60.54578252604155,186.06488011189137,22.499029632971798
57.61269887024869,991.7086801419122,86.50082264907579,61.26634361234551,36.13647990830145
36.9855694585806,871.1364104920663,17.58509127362844,197.72049980805505,32.93258146581937
28.778554317618376,967.5597183672944,97.27237164180397,699.9670201838784,14.79695420395444
140.57361895094294,883.6403567632715,18.704805410367477,321.4054462036955,124.95270127273889
198.39608256178428,899.2362437474745,63.529692468077236,592.3082031065188,186.60238306655077
120.3107929412752,961.197801644408,28.540301485552057,426.5233073454334,74.72406252600335
164.89371410721395,1002.3797677706086,53.05508450193931,654.8421672773068,107.1172604142514
193.6278085165188,915.3002709944609,75.42970937584651,64.65333746090207,172.22290778088944
12.556595346216914,931.9601854867102,73.2914180013567,619.8453884992757,12.74443030257413
163.54070220901784,884.3912901083105,76.44338078695512,716.1097112739981,116.43897818290053
2.3997887628788517,1003.968365649955,8.823168514965507,588.138623322443,11.068483239370243
183.26667683493594,935.0663616184419,68.10808152370666,678.1955507345207,167.74110937597405
13.175762547852287,917.2387147760899,83.97251763870118,450.78695087218665,9.073537484599456
148.43852938855494,956.4807853600369,49.969493076389405,763.412479229923,76.59808449916203
62.69493482398523,1049.8375369168407,19.028505107843596,587.2291264724205,23.87533249618142
8.539896742797804,933.5210936796057,46.494481623153874,461.6402188268882,11.069068043291997
184.68920409120864,1022.3666890720901,97.22760647776848,463.62385800989216,60.659045733295656
179.81791416465128,951.3917534610873,14.208289040520183,750.5520834443283,131.12262415671006
83.91943268423394,874.4063676685475,13.943202635843532,316.7234985638957,93.76815079515265
197.9524267766632,983.7947467482768,39.941825245104766,13.9501648722683,146.84501624684953
158.27502134055612,989.1189728898198,17.277994864462798,592.9371636066058,116.18155973885312
36.78192379622725,887.0723167281604,39.12916442177312,149.89982747204655,36.45042532112439
67.46304362678003,873.9025209063145,39.22318976992095,303.52213106884176,77.74069670736385
191.0391522255758,968.8791542498807,22.773929081817013,486.53477137405423,121.74606522763625
144.7458408760084,947.9141236716462,94.73308909803411,159.820649678574,83.73604579182258
193.819982805534,880.7568750054128,96.14394166023395,66.90607929937775,135.7099148591196
64.65650008026375,955.8060451552807,28.932185576467063,235.15241979630807,57.89428783183143
188.6675976130837,1014.6519683223419,41.63454137035226,12.967593646472043,136.23523021376946
61.601535426838105,898.5484314035214,63.04590352670246,684.0575681513561,50.8856248947618
85.79948635641748,891.9325298655097,12.942807770994836,281.8971227191183,102.01571464941472
144.95135005318326,1015.2823712224707,86.4097536564868,369.56754002964254,59.958288305315506
194.08614109981514,881.3624985753578,44.707820840186265,417.00057868741334,221.0943215924743
41.891197777653844,928.716111063143,23.343834959079413,871.8737803589855,40.49437336459244
62.507408311771485,1034.8328240389467,97.2527872593609,786.8061384598265,28.31330115075218
110.99914959185917,973.8995635724607,33.10607202226634,194.37777177882055,104.49891624948776
25.426569529583887,927.9298953763181,63.268173167314345,971.1356826974516,12.823919154382773
45.78534023181331,976.7102608806616,23.70178760090611,819.6569848738541,28.575512995616606
97.71758401885333,954.555457534643,1.939729089632658,510.9604662711036,72.22366703631874
19.116531884883848,1005.0346181296109,62.36069971446315,81.30766845670013,12.841801335313395
98.18809548421092,978.4679597770981,89.09105729098937,958.2727456675977,42.431945154352384
53.20146391827678,950.9072864809913,77.74332180111237,791.2815792109495,36.1785905357922
55.24207310662808,895.7550046256247,84.7772782875294,59.021252943179945,53.220277994299266
49.317123328646,983.9525677304683,32.72143777919469,824.8367802847364,34.82346109438215
96.51062423270626,896.3016353626786,27.275756714245393,320.03566983862,95.12966821924077
197.0569138440017,978.8587844295682,53.631016761107986,824.1364420259638,101.53615416061162
129.16831551223257,1042.3906252255115,59.75871876260743,120.36241811230452,58.354279961008906
146.683983595018,1002.3890785817721,19.494308176265797,798.8484986434075,109.06317846803495
56.491251659730764,1012.3276748335481,42.29913257110572,818.5865346543566,34.990810502028886
2.1828030022636113,916.9778182861447,14.405960065203438,25.283694482007846,9.941470720933683
130.32699323294798,1007.2272532869591,7.87096721577022,464.93948083964654,82.88327667811235
181.96132480052077,896.5706537693986,62.588987039044085,555.2643623722971,101.10700731295927
118.76901305338632,1006.5230820814942,10.774487209992834,273.5520560737195,69.53487706830857
55.18988996413452,997.1334116844657,45.33334842679111,162.90109296500933,46.62950777480427
25.707136575585167,1042.099000834317,12.391494253593294,867.7376980076583,11.072758296990182
110.5150244788848,936.3879590147399,31.526873135420928,720.5012468623298,87.47298637682901
110.02542380312867,983.2002609831596,64.63283175519423,395.53769810496584,78.34421285407068
65.32209308904714,1020.4931980140185,3.4533989754475414,282.9089188874823,35.667232265931744
113.12337779475952,972.3353331319144,88.32596131541457,55.85918368977805,72.09652389686826
143.45404612073915,893.7360162243381,6.387790238074009,67.89465352826885,174.14808987794223
30.31398520209374,964.1005050346904,94.01227885026768,235.0135973979488,18.345826462779385
150.9319131975128,1045.017498167415,33.81580492940449,412.6417885986946,115.11024107653415
150.1701385819562,958.6420262761471,54.51113809805397,524.6793435242244,77.05192976458433
128.36374162097079,941.2782302873253,15.498400887919594,822.8459513893255,116.58057222856189
162.87283034213567,950.7296662675654,11.524914773377827,911.4243750919778,120.06208483899206
52.15093825369499,913.0677675468664,64.47585797572279,557.6845781819909,43.975152480308076
10.496620301757087,1021.7207725756749,22.5519869317809,42.394832090853704,10.66196072754887
43.8001807906147,911.8798170312783,15.26307460250036,870.4831386929237,33.12708772646385
100.11677491584273,928.1310457717966,75.59630769068791,670.2630027816354,70.14391475970737
3.8511462662323304,1007.7966015945009,49.22272639238322,669.6420737709267,7.213147822902569
139.4249490126054,969.0055946427068,4.01300206789702,589.6686616242348,117.76025160808715
41.76732186899481,974.8930533860901,0.7152373711627136,701.8242111848848,32.74963609416111
116.31664318091713,936.2612814578918,89.85789703505984,164.17917905138046,86.91557749987328
42.55566619672753,966.5213969448431,91.52006628191455,744.2538933663952,27.220251113217685
56.28342966086672,970.1272894991495,51.087962380364374,159.8633217425819,42.20364394031348
40.31718336667338,979.3713322738564,33.448574092814646,327.0580835486063,29.301455044326094
52.06836967562503,891.4501788994913,28.538173028565772,28.817478161628827,45.325703218754754
120.6735714789253,987.2535511920776,51.18051079661895,405.6908205493543,68.94803612474186
36.966407466968136,877.4988158772987,80.46358161175966,742.8134078762198,32.9365455754537
174.8468640529859,906.0256743189444,57.020697545783605,747.2730375722779,162.72270319857714
166.58593966029557,991.3571399344626,88.66521536801618,817.8602926684215,80.90146646717302
72.18766430583561,879.7861598179446,62.61176335052404,566.846593396414,60.59491534680205
176.87608576351724,915.4198639022193,51.10993834123948,309.9015654054309,126.11710200064549
43.284710987787236,902.5654464577469,33.39320138570122,499.59271361526146,44.84827169107944
143.98842064823464,999.5944695094569,45.788433391026764,390.75439126650224,98.8127073398861
150.77172840424967,1035.7474111654074,48.01755738320191,596.740374604929,99.6915780189822
159.00063512739717,990.0643764013396,93.78251749911787,77.6741252569132,78.1182647657517
21.452317959684652,870.0487328580219,3.1199936712359877,50.028039940938186,23.250313370396725
2.2423817914532185,919.3616378860823,0.0009479399372236408,445.06061361298646,10.347168883788358
145.7496457816823,1043.0175114326753,9.723266999079161,368.04976474723696,93.92923316787262
129.15442316351152,1044.7692356718317,74.18464860055197,372.82096651270615,57.879828014241035
55.995736148189046,987.6526750924513,29.74699271503365,34.992753703308786,35.73782298176928
24.015303406194022,895.5308549649315,45.6927649156196,932.2456411075738,21.56366099385219
196.65661275469768,1034.6218915048232,12.032502084528174,636.7097850461342,125.80703507919243
190.4849986461231,1012.6972546090645,88.02905673611392,932.0431759693087,74.59329178107603
34.916257879650644,890.2656180821147,72.48090299576731,455.244577450989,33.44229445411883
177.2880011495605,995.085343870074,27.313455395450315,22.558947674011563,150.34731028835412
112.64613044220953,881.3910918806354,69.18015193439636,215.47557462124345,99.0175369671977
79.50778704586514,937.9365040762846,3.716116769182254,432.48752378263475,71.14157662521039
93.1403166240815,901.5041206413752,1.326906365722924,897.4081132116445,91.80233338645424
131.32200548501348,1042.6971988269383,87.63758263053218,709.901744735007,47.577753101407495
143.77416741724488,906.4857536878391,26.72844381959205,671.2425594923081,124.69983553121723
192.63792167900735,903.8525666465412,68.9675200343051,810.3539273287995,94.86634887371082
199.16749097434015,877.9421588572395,56.32119688048398,856.9982158790863,182.98958774499715
111.78887926361922,996.5304482574386,79.19637727105683,715.5693236623448,44.83119227834259
148.50519306554574,921.5730795675983,8.84159996960243,367.29715359402803,168.45995564869932
164.1428403146195,968.026333671071,37.32674617961148,901.8208933716436,102.397088826962
145.23972056958684,967.3380627201886,32.07112381994348,639.3141846864502,99.06047464443328
81.40032913381268,974.4381224536914,37.210991581890106,983.5127915996098,46.57683583645474
153.4626577682041,896.5739734959673,67.26579424117448,889.4290811904569,108.04692149857419
135.14213940839258,943.40864006325,96.13864155986259,86.4455595772854,107.76038680398176
50.640061325985705,894.7754685573633,92.47190755506507,645.4641406726477,22.190110971792848
90.15374892011778,967.0581228667795,68.03376686891626,889.7409069743434,63.34021130928127
68.69075224750172,1035.2937629427618,98.27140914280922,145.05049287373228,32.85076275444266
68.32997581394172,983.885540438908,74.4793893094569,851.097857942697,30.521504571270874
114.73851820755196,1045.9017560402042,79.22777995900272,824.6855042369276,39.948823281253944
79.27003515026479,1018.2198068158008,88.07230153074856,990.5039332910153,43.49852999980119
108.79934734400871,963.5223923525717,57.54645914140381,254.7171632536147,65.2101322524219
110.08971283530731,1039.6121748510475,73.97112639753693,684.0106897782755,40.841643202726196
157.54484882190783,958.0523985702234,32.548729875575525,836.4687844880892,128.9498251516579
74.66442517705364,1038.6470519832737,52.312102658221036,819.3608998715856,37.4244766372257
43.814284469216204,933.204184435075,40.79984477743576,751.5655159052504,28.174039325167126
21.285325625262864,985.2844825081706,45.365408923999354,834.3492798055919,13.354380227914028
179.04687040048677,903.8996038505162,0.0596120157715152,793.5939950442348,140.2647955899549
100.90221732845188,889.4041561270991,14.435554978135002,72.20667373342349,123.32519356354737
190.0221203365265,913.5300029519506,40.6119870415759,825.2319560143651,172.5489835394048
108.39337652660699,887.3857005780868,81.44943504855526,23.505613328665408,97.61196385434002
6.21948882309209,891.7935962772051,18.571411689860074,776.0678505933397,10.542491591870524
14.267230133744846,915.6181022634199,95.10126569789121,421.91752750333103,12.641782187301061
71.50285789606727,942.5401456795805,69.78185146865312,300.21547781802406,50.66923848372866
77.54946257906545,907.5207128724575,42.85238803867829,589.6907964315689,52.751522474192534
95.68789695981084,980.6645718723573,4.187488316832044,491.33346957723387,77.23022352938324
6.303607672445244,927.5337325280119,3.104032021598646,700.6315028190426,13.12907057430567
172.23497450028617,939.0759490096959,53.901730306288144,98.00681786761922,115.07529462093561
137.7182283805679,981.641710389513,35.10549213671855,971.3623500231516,80.95119403270084
98.06169270670162,874.9190632134237,3.86715752092619,487.44839995391266,109.25195202198981
181.17508305136653,955.4769215389204,54.37349534932437,82.9646829172187,134.39941029423952
144.8557270029635,998.8095281543865,92.23108894676389,454.6861974883907,63.71145379262797
149.81044432130858,913.448155139756,98.400024674296,34.34214981550354,125.96682812790075
61.96271561477447,1009.889478882605,85.46421934008522,216.5553541013393,44.2476810237559
82.12141855799221,871.8529111377022,12.83841549860616,862.7166872862181,80.95092947178287
156.16698120271525,1038.3968731100338,44.4429971792546,502.07261131132594,70.38805940473358
92.63599555900863,995.483588887073,38.81781086423074,924.980473039023,41.80909311784626
130.74046332289416,878.7686780510602,58.56610619848114,698.2165613527321,112.47974271335343
98.21980025458137,1032.4071140684982,29.338947574462782,162.7461838708556,68.63294325003918
58.05733144450238,929.6548087657369,10.967457061117402,154.79619032565327,57.90482776005738
167.47488688948846,905.8421545236283,48.624745196880895,5.692499781427274,150.94756766015036
155.1480229862493,1015.2244783766334,90.5409963254866,772.4626688414783,64.84869321107308
8.774935159499385,902.8820039348012,34.00704105613052,683.0331354109184,8.361754550922866
169.1076837380991,911.1718543506341,44.46664140255637,700.7800262275422,151.60819081884233
182.3310391844653,888.2767897069305,13.920530775188656,740.3563930004607,193.8843917421931
189.334485836634,971.2987357695555,43.809729439128674,366.6756435806852,101.9234973010059
139.7842398732505,873.696768935871,52.51752205020894,693.812089922192,148.74273393791228
126.96639976424669,889.1390598964126,47.36580031628672,278.90220609524187,124.90040929375505
111.45631179518662,946.0059420172046,6.517534022959282,262.7755766941683,118.71183319843965
189.73240653381097,934.3756656753465,40.13269730442283,919.274451160669,109.63054416991571
181.32324804047906,1027.5959360953786,12.10108773716485,161.99532215578495,93.455290043861
114.08412484346435,989.635370935299,44.61021174480167,996.5204413676179,64.76509011286862
74.66337316836189,917.3412029893574,6.6818885288129515,789.998163702061,70.09149649264563
37.102037045539184,944.3860380415094,55.96665817480964,232.24829288160254,35.39414954213679
29.477446228777016,893.9786679625182,70.14739020966721,11.193620948929727,27.997323745831373
11.998797223264003,1011.8556766375137,11.275258306088388,665.9111921927893,9.63597808478195
117.1145700373043,871.5943483606126,88.03846449513863,137.06179201252155,82.25262064329405
184.14633161377333,1024.9054234211897,80.12252912935692,188.66701173809432,111.44504580258781
94.95191049318825,956.1721835921858,9.904701391173877,387.8575381117503,66.91650300468838
126.67931262706189,967.4525095117442,80.38699557700643,146.11239483268812,101.20848719300753
25.391116526492862,961.7762206954693,86.11854743996115,67.99401698774388,15.749777290055526
102.67691759745317,1047.725108661251,56.61574092859977,247.067821226574,63.52899813061278
150.68274947033615,1021.1587705657797,36.172251356846495,225.34204891305887,101.0365026705046
52.493690559851316,880.7411430435387,43.1871034524656,870.6687265670864,43.35078624091429
156.12639992628817,874.9797425766961,67.16559806950035,930.7799814170766,111.43964652586774
78.1552455571716,979.1585721861351,86.69354261809666,748.6085065268569,39.92458283579471
25.465270101079042,980.6812395966784,79.04675938900357,888.7441412101077,14.576105490610388
129.20819203834412,1005.9774300035983,15.728512586161935,598.9788511489219,84.81475442138506
57.52553566863161,1009.157850544974,43.274152725802196,30.91401172665087,33.79724173378688
13.266795220504202,885.2716796607181,89.16504664499165,145.5637870201324,10.292941733691297
128.28002429000816,936.5138030792035,39.32673430504908,464.50709290926795,101.91143127192596
161.3622769514902,1035.0799378861998,30.349688855055323,535.2909535564174,60.699331591663864
65.41755336422739,925.4655354765669,94.84959428750864,511.4399603589438,45.368793220592245
77.21877061935916,1026.8086295657708,68.84516894039592,695.2495616688406,31.871519008905413
184.69079983559814,978.9368671766038,66.10088257924919,573.988110849763,92.38008053604901
93.86562010210045,886.3777850900317,48.96755365671712,342.4100244994395,62.902428467398735
103.39951607043542,983.6458572099223,25.159293881894172,268.2116250258748,54.97059820342281
54.25024013929294,922.0104529484964,51.351791044952144,313.0516329915809,34.914494842548024
181.16216409826927,1033.2991735867759,56.60149245803547,348.51321557418015,84.96226142134954
61.269526469478805,1018.6323384962956,51.767176148369984,411.5392437467138,44.61166152168346
52.782029804230476,946.292660240406,65.91111286606846,768.3140532154868,31.71962326431772
178.110079149743,895.069981101185,76.99090293670608,295.01529924546213,145.14527488969048
137.42067618069,935.0676490982755,54.27759181924402,321.1424887512958,111.70816591905621
159.60612813039188,974.7148246587834,17.341560957737833,724.5926985348949,115.45711251486247
175.22913409987257,984.9471646879978,20.573382525243787,789.9450259912329,115.70128296977279
166.07785275186905,902.9540100672035,64.74773348091355,496.9556881114737,107.11789392277034
49.12676273529266,957.1817972441573,27.074049362900787,568.1893859735073,44.9538429691121
107.48172304242765,896.341185166319,60.598375701941734,252.5356942745244,116.05900093651825
193.30274071777168,1016.3606150382982,98.38675662359667,3.2670726369797842,73.11956708524853
37.78561772702809,1038.141959651306,92.78057105470866,454.76056586765503,13.938242541769853
198.17075066364433,975.045049248699,27.70916634136319,567.4536408520727,133.86999879780447
39.83800301805318,879.1787472120224,42.77072968193346,981.6966614839404,28.266778031489398
119.05435488831873,955.7462678752169,38.68846916641442,119.44477364217754,100.63122499820325
36.22094560104101,935.0402879478215,80.12997880145161,54.50214476164139,23.43112838787151
169.43494240981337,919.924083943241,54.84906996430653,268.4142897086003,181.54089349657764
156.77412762625607,1036.6346057783378,68.67242710535517,204.892739951144,93.53598656636053
178.26230773373985,971.9821211008607,0.9856098230421773,337.6058934393246,148.95317958554006
124.87200456793897,919.8912847873111,42.98026430657526,230.48833176819684,122.49079548664481
123.66238028356624,972.7110780426173,26.6735776721325,552.6157941933828,103.14542070727316
168.153599256817,897.3065212676803,55.37102489480377,316.7177942570389,131.50720000036972
43.9744609174763,1015.0278554406162,82.51193715875745,203.14120904886178,20.30959344008282
123.25932684159362,1041.805197215611,9.117775090962843,740.4561088542063,68.93960468582418
195.73449935627877,918.5512485036184,48.625707719149645,95.68365846718063,189.16834392617426
169.07645375490517,909.7752274838418,45.950661308770776,165.64255872283263,151.2195957990991
34.70862197522153,909.6614911429936,10.738690944886475,238.77074324460023,25.825707662300594
61.69884716748189,974.3347628039207,59.97163344144042,386.7032933694512,35.33775525309922
42.67756228473891,888.0659904518038,8.199713683526666,712.425011725225,40.43095103588064
88.5055112099432,1003.0495899905362,38.447552063007926,615.0529217026693,53.06749741318503
76.03252682540801,967.4276318975542,27.17233017469105,881.8063041069445,67.35292799663733
98.30396538473707,1012.1257963592291,52.39353801480586,322.0800162905142,45.668815152804356
99.8064302020659,980.814810170398,83.82189530297329,606.5539360453902,59.72679543187311
74.59221056776602,996.622149750026,60.09535479317586,698.9288455492142,51.646773149360904
75.53285385427124,1011.8525912815417,20.71309105897572,314.2117809747568,66.46243075561345
81.02045696100855,914.7778188339478,29.067881329694835,230.89547738018666,68.90919502508225
120.08712720532799,954.5483444103443,2.427597855398178,935.2655303724788,98.68712851344064
48.81457931619473,995.5645641062043,45.224580700002356,800.1006396254845,31.194525366288858
77.77397568770724,932.133147006584,38.09709326959708,490.9574719987202,63.689151536100496
144.83569777805738,1033.6538463558616,8.946090517463045,254.92573043875433,89.49561338818773
45.7113672332788,935.9870556301456,99.70990811277858,478.53075085653506,30.12987294742811
33.70833131542319,1023.6564502521531,64.50089478281869,599.1052205185335,10.616879359154348
162.02843069391284,1022.2624585519194,97.91614963221853,364.571839928467,83.0024880243263
152.14204822269107,886.1950502341897,91.58499178197508,92.37678062505982,122.87296493389748
139.06255893830064,879.0117130061269,7.9255361298127935,932.0100937422017,126.57590820863045
90.62016628537972,922.767505835698,85.85002529315186,278.51346039033467,83.9362868103629
183.19257525506626,911.2359600790112,31.159834687880274,520.5079694597341,142.05301009443707
46.363127040580075,886.608776835874,5.214653590775309,654.621912413096,42.75238914371345
156.8525908467589,1041.6909990908598,94.15087829611818,175.9439281243308,91.18258501350877
109.58771030641847,1039.5628989948893,89.49220044011341,236.2452225177124,43.774272897775504
161.5457459708186,905.1693010961576,71.25290637988408,67.38210300234194,121.66625827013253
20.302060647374564,1017.1121569049794,17.873059610987696,124.13728072538454,13.2985555751115
92.50742577528752,1006.9548507512175,72.32084958175122,152.71860758704935,59.55880392210739
186.43002090872335,914.2163775983714,0.8746492307468157,855.407328693528,170.28792151887137
153.26992611935353,962.3842636227238,2.0717959857829538,504.5097462448342,100.04690747162223
11.3700142410482,894.2908387635665,4.834446660479075,155.90941046578521,11.005878082705628
26.45819670248859,1025.1038923085812,83.42799199163231,573.8645030793358,11.307757299803445
55.85541049004377,914.24200566031,17.51450055108158,109.87618352047868,53.11233929852819
49.64295947862698,985.2245015582587,75.4513614194643,67.07403051001049,32.90102496447973
75.48501958832779,870.1032104469571,46.07727045483369,798.8380528238156,69.80770714027236
135.50508283713242,941.1030456353488,54.14689535367111,403.8984618246011,73.73828450575374
105.0101570287648,1043.1788818279176,94.32853424523483,353.9354859768206,52.43155303148844
121.10343214492778,999.3040540126934,74.93433013945715,751.631261791511,65.79685188924748
104.69408323894456,943.3820926401108,50.315254820828756,499.7266987431037,92.81005515829511
160.9677449411402,907.2407422454288,59.97982173764302,367.50126512308424,138.92740848859103
59.68843566706208,978.7912357058357,41.241300391087144,375.94422176121145,47.81162777628584
74.72468320112802,926.6181324996046,19.870284758740198,16.04154121555701,74.73462807238133
87.10750754933365,984.9216615785848,14.717016704336128,865.1971786501251,70.2651932615462
158.10486042314201,1004.8605561641762,64.90713193547765,301.972138854569,98.59594833059703
48.89835587488909,872.9480479813415,22.70714856957172,439.02603725284297,48.224333247087955
97.35516667252656,953.9428286874313,46.52047035959893,882.3834374896617,87.33108034932927
92.65986104371264,944.844004904712,5.134625170652562,947.7254312152971,82.06854505384834
179.40777337554522,1036.0944107043092,29.54180864545378,53.11934166070154,116.96021675844582
93.01788346378808,939.5802326475707,65.34320181020563,433.3823329070469,53.459336129509715
119.64729323081826,933.8593891843927,51.25615041822695,477.1080988684625,73.06350271870772
186.79543581807235,1026.3532266951458,47.945851138052085,352.4824331063954,108.85682527272621
38.695860371502874,1035.9573517084805,16.59453959096683,992.0995615519787,20.87604580330021
29.187805569675128,997.9989041468964,26.96086098245305,24.683509092827904,18.91867626933076
43.73875950377359,963.796385726541,2.4139847221662514,403.41205398768875,36.61592591525048
159.70223488349623,952.8523747805255,62.17726716886808,284.9271697399581,139.9425091736495
10.183269979393405,963.0595536933229,12.329779478559665,438.3978453166222,11.043103711825449
97.50336473197963,1007.4551365711905,3.6155921714902006,779.3078761398028,52.3646916200706
145.73288820525602,971.9431036045446,6.728918104353932,968.129457185641,101.30069845752479
186.58951643811608,938.0264979558242,66.06162616183695,439.8614595193403,116.7266913400518
144.50870399952635,918.079052760536,14.22112417378184,914.994814964639,112.96648770425477
18.63792034517877,939.1001164141056,39.43994061666544,41.89164969335057,14.648812310547525
60.582058149747134,1041.640738874149,19.449344589096206,569.2948787932414,31.077438607982884
83.51781040351341,1018.6659821791201,15.164645334267234,547.0559713854403,42.2352358435702
51.02957634691341,1034.8928268098152,0.05669816659874538,66.22826429748108,33.150538000664156
171.76813041785505,917.7913839437279,48.26645760760616,66.08907296578914,135.8003294776015
93.66132306327523,1046.6155084208303,92.48217841432377,493.48223294494306,21.866047462904472
15.993906064953102,952.7291305817973,89.94053106213892,616.7983541482828,13.079458036752495
195.8916267337149,1023.1068896085526,95.56684267261903,258.08336270632924,108.62642297374303
111.71371720422113,1030.0506545770068,81.43804277636956,330.59986406210453,51.09369799446618
132.98829991598885,964.8076479733563,66.77518612292207,835.3586548310823,80.48500145940987
117.95591640479606,992.8682576880874,80.61889603275829,778.2961122437575,50.72785115710821
49.05930791228843,1016.6877338588278,43.38733664408026,272.1885318171502,36.9075857993963
187.9880093169734,924.102410896103,97.2761144669926,991.3129017107866,142.0835795565911
10.257314074189129,976.5047120605532,80.16737987333975,257.64227737856504,10.235040592369787
164.81379888649576,969.9025349337796,84.44881944617364,218.95255804617807,117.54440020687338
191.2353593837291,953.582564018156,15.325825606324994,98.5972337229678,168.5705354427479
108.44185427702018,935.3387234678574,74.25235688675247,419.2915303004746,60.46188982107108
66.24262675506552,884.603256461389,16.24454753328721,481.1736713982494,61.1358548706992
185.68196991515507,881.9377073607883,31.395700518879664,889.3065009780454,165.2037869704845
87.12468505788549,1016.710950268732,15.404594253169668,473.17413969605127,51.64544449120581
6.119102736988435,1038.766923894498,11.822640380268846,235.68231974929532,9.672020083847446
175.82116871744174,958.5349397883593,95.8274263116305,588.4232238980276,99.41832382943531
81.06353943065648,1022.9010109776261,28.646759125021003,610.5727240780705,46.32016968188509
32.97888537661922,898.6545600566028,32.71428986895534,376.8476460367336,30.34176655322762
16.575674862652768,884.7770754606712,79.61942980992063,8.489863202320368,11.824498792577863
108.07409052333625,958.676725338285,9.231504749040486,970.0602128624124,70.7836223455902
161.61969855037853,986.6345570038243,99.18372709405257,2.0872613132606466,73.97036805988793
35.5146140347192,894.0269940529477,98.37010640172645,366.7669868375339,29.250959692878062
137.13234054756697,1018.8163277953654,35.725050170763005,571.997255738975,54.2863730524209
8.085966356428798,1030.7183508258918,33.014173880198086,38.942247601714165,11.730385514975389
116.57270056358841,1047.873240315262,61.436334252516254,821.429781038695,62.138238140722166
38.44962982765239,900.588190417514,39.08641623272815,993.4811256107694,29.02588848596469
21.507694225505425,976.8066282008374,61.5435084975137,526.0874932384737,8.202405919048164
166.3604432534232,921.2000738453186,6.49425198311847,606.1677325695413,140.65842757879756
51.99644440024203,985.8235248900468,69.99427267528434,96.12018984865777,32.54866280555103
121.29671755998119,994.025764994811,3.2033736954580783,852.1564330060602,69.39560880064512
133.00171518744008,995.0835788628374,81.0270789656851,358.7519224860115,68.47843235578537
101.7751757895928,922.8575885119147,70.56574286120983,401.09402997769104,92.30013171147843
161.3931729353921,912.322515420365,98.45986727410767,309.32609488260266,122.22472678149671
65.3219300665666,913.3226302491994,14.872091787483255,155.21907833812864,54.317402965463074
15.890625206750752,975.7829572076015,11.771813890099503,107.67449437249988,9.710574286796792
89.78403825478216,896.8788278855276,7.344215573724544,770.3667084330932,79.1707051552351
137.54516142599343,974.2686549057494,71.86404800534007,435.3348345300597,82.10796193731879
24.523700669218982,985.9759841880834,94.25787305209091,552.120236526284,13.89781843891355
117.53415957472622,1038.73851573199,20.97718782394352,473.2282806648438,61.30359352782648
6.767225808217114,898.1755722339673,19.148860383842614,66.05535037005083,10.767249363042792
6.275902451755622,1023.5521649170885,25.21819575843145,186.56249204664533,12.902731060090343
99.52338555977336,988.4993008820672,39.74896355250833,709.1417302383065,70.07184161347807
64.71591658832467,893.9225857469485,32.6908184180269,966.6971169962326,53.199397669912116
84.46967997909309,926.6619081232825,91.54932405912437,566.568738729759,53.33626258069647
139.9710494040875,871.3389666114103,78.32066801501745,954.289572317901,98.59491075166382
83.16020681443264,957.6409567713273,98.83688415181359,148.16777439434426,60.06891454873125
176.84382519176748,913.2042081080466,60.39218343448462,957.0626115639678,113.89816198547967
181.4613792333832,999.7411901689494,41.787019400633184,770.8599419089044,107.73170471298938
126.30759233344722,998.0457392464082,80.02086253082523,373.02389247104384,70.32391918971398
0.5474613675434004,956.9037058866192,82.43240413760698,501.07689352119877,9.247323710782702
42.21235237688696,929.8532255177499,65.86656410826302,736.5454639796351,23.176271577063286
100.99622796989385,965.5564378971177,88.95863706524308,993.6310692912921,56.47836367489388
122.49275733020637,980.2004110470339,43.49376616605507,949.8169402127793,73.95068503827402
160.05588924799147,951.8914500888113,71.91072075886662,547.1231810017919,112.2277019072951
107.75845050333457,1006.0392439526211,4.451365980867794,332.6054067754365,69.9452618289217
81.46725980836192,982.8676919170874,79.18382813244943,474.5175676759538,55.56454900612539
175.64687493032977,1037.22871335922,91.41052058664546,608.7604580215934,65.29086360358679
46.189047281577444,926.7323186268239,59.08936651267077,449.2713381700255,43.84808051109552
60.05650146531043,987.3698453112665,3.8710473602535322,229.4729252787845,34.277082311484044
180.87608602578,915.7455446650555,26.536591354224836,530.742818334854,166.3269357405572
8.108829292358344,1041.3615459790176,44.924993246033765,396.9801813531697,10.713146023789935
86.00215173924528,1042.554740411781,80.2391177440314,273.63470595521943,35.1991466035654
162.8849355868904,968.3782673566419,41.675505799310955,501.7518391351843,120.63336212257882
190.51945020668222,1013.0333497972806,64.00196536480921,306.2041235633258,127.3941797652053
120.04899481432764,879.215224604267,98.88683898760098,213.41455380685625,61.40342301708175
132.2577171807874,921.7602849032094,11.587165933276623,234.83341131828084,133.50471457257783
197.8554165199794,970.9358485835032,32.85873843523615,545.0632546551714,87.43876811740617
40.051415583806246,993.315127322898,7.967689133267719,646.8429807245456,23.725850258680918
189.31571167687252,873.7243613444476,12.987747737081323,749.4102472887678,229.3269468609942
51.63864369544777,988.3422901676371,67.18108673177099,415.57564706997175,28.223642604843068
181.1909085906288,906.7367989662969,16.390729964844596,97.60431025246297,147.61844338383008
186.34829415198936,925.7086363406428,54.23195413616112,548.680667869915,137.00662510754728
13.717953974344965,1046.9064489603218,87.32211598861282,853.0302862607152,13.101859507245328
0.6656437420629269,913.119255243814,77.86648703391808,794.4265213493101,7.25247662919096
188.87278030820355,1043.7258614019654,11.337075952366204,451.29159344382464,91.30419838517628
24.287808687184853,1007.879962700117,77.953752528572,465.29722594305565,15.678603009298488
24.41950214094202,990.2397080554506,27.83005668632462,83.26810118749029,22.671776052770632
157.80000551347447,933.5832294207196,38.78806815043233,189.3001611925993,129.4644578014063
188.98814357858288,1000.5567437654805,91.09199338695396,620.3419700590918,76.8472733385031
193.88442306713733,1007.9671066668358,99.21229784446432,162.2921313778529,129.4492680124901
68.42023754170509,963.9756075049879,68.9529802909562,194.1704413197215,57.19759083750435
198.22270709978622,1006.3165845996339,35.13825836016916,340.1807759218382,139.0094017173465
77.85564183095887,1006.2161369460246,10.356938695367447,512.4197511066657,45.81477648532534
162.36188620695378,908.2247965794365,19.01436866899958,637.4892330424719,142.94689241065177
154.69267604701886,1004.5921817833472,6.690056604249217,993.0222462464218,93.99221195297085
45.35023992435807,988.2646290070065,91.28827585336975,494.37517343057516,25.481767838209176
154.16780331410942,939.7096082419047,64.25273818438559,199.1130776701162,139.57557572080583
8.392925614684032,951.5236953933127,0.3721740625346359,355.42146129251506,11.319125561706105
197.53247896519338,1038.1056091715152,64.87168247902811,415.533682329451,81.43620073105726
167.5038233510223,1044.5250713581638,86.2006846543262,85.22526274680797,93.77161747742436
168.6044768929144,977.0367285139304,56.14122879961516,116.49389261667054,121.04621238030273
27.154060413583814,958.9821734998026,99.61356785267932,725.9036806343793,16.434623699639232
68.14066636525547,982.490378662566,3.2480096713797812,835.2267119145414,58.713263062668496
63.41338194316264,926.1704718818863,82.21645759466335,293.45131694479863,37.52791654213245
171.73138276722167,879.8843411283847,30.020511645692327,964.0780016660922,148.33965501530295
27.383896255354244,916.4906521650016,37.95811608380134,153.03676039478242,22.31841482078234
67.9882390048161,944.1653698432136,7.439725082464177,530.9623283429834,43.7665687888664
15.022332218717093,925.5093237232649,29.982013558500164,22.73223568609184,14.31449763961578
196.25077290111065,928.9956917856612,71.18003077289183,869.5048849092776,178.81571919275694
186.2820633127605,978.5231538706889,85.15698917219238,362.5321620209081,78.62825059725918
19.03145309483869,917.5559732186778,33.3785156297026,888.4083861390275,14.850641238305412
36.52379151644014,908.215884155043,80.0371587863854,231.51937908737887,30.578675138044154
55.30297951622085,1021.4640946456357,55.02083879324841,541.3063311053305,30.246678606563545
171.8505160207497,1016.0838783406205,54.893650066263454,577.3618807666035,92.23395495285035
138.09644363234133,923.4971522028558,55.236674590334076,297.54605964150807,88.38814736793012
179.0651625449207,1005.4143475557992,4.07374300948693,918.8383138028105,117.66074144341205
84.03423144365469,988.4215521811543,26.904818967800082,52.053467459169276,54.918986180572645
13.749510190360192,1040.8170885596073,58.830425891287206,106.82869621666046,6.71511744253217
95.39541757483012,954.4601612218477,36.11281991451135,541.9644125319342,83.11779847588201
52.85645001948913,976.3536938215665,56.11904702709951,794.1071186034065,36.773758756299806
16.401775679085894,900.3083653250579,64.8485756800794,569.0152250282276,12.910952535189635
173.33843872528342,983.5509978697053,1.6845490562287457,218.41788089833148,141.89115711925302
141.63229931393477,900.4865250946216,95.72915570600004,863.8252964798221,107.01158946549069
101.93689054040094,1048.136432568907,0.5286490033650337,522.9751234879549,60.46344694151938
54.66288265092783,1013.0389823866876,77.62623119491352,187.5499523628712,33.69325028436095
109.51275413917259,880.6868989568216,21.100751767499702,666.8822868797267,98.92341321969405
38.494358696081285,965.0006062737639,34.42678685203977,404.52059338779367,33.87362347815795
118.15402569106669,1033.9343224771299,28.76627539795654,249.0306766061845,72.78502370213057
171.2279958867545,892.4367853048651,42.022418420761284,648.3376145754451,150.7996748777992
99.53544736124967,1046.0068520950522,40.554496341003,191.16493870903273,43.428735021195976
50.58724238172167,893.07438644611,18.435793231760133,640.820559711785,48.90173110729697
23.995447109899448,990.7842791436644,13.244857423803346,40.20619564395878,16.08055553473305
199.62899573146694,1004.0784265725431,73.12524845614973,684.0681686603931,94.61018236905993
26.592414029270238,909.2644209398242,95.93998127625402,574.574723860753,15.631826412616533
130.37059934467817,999.1025708611263,82.99707077162275,13.759921590654756,63.33287264933303
21.39073065125492,907.1400204336152,14.438369979700106,724.3142101761947,25.060190358220837
157.11949635035418,1026.3842055676596,32.51116125080734,411.12683995607966,109.92162724243228
131.90404552052308,992.456615042028,44.34117724233846,201.548940373631,113.22695327081271
127.01031438397688,907.220663652256,35.31781896054795,869.9510743160322,83.55141293253642
171.62271730119758,989.214639691251,48.991333312476804,949.1430094383467,100.244802386532
87.49016381641242,915.3800274472708,43.32933907477744,158.60509918186506,61.42279265737424
156.27861751457556,1020.0642072463529,74.83243156876237,524.2819956620999,70.28473884993204
40.76797576755933,889.8749674754977,28.720993653459736,283.4461724708086,33.88277898260953
35.41201565586369,1008.4296414440735,47.323396642279036,762.6333350657846,23.493484181551338
13.059006015188167,951.7972299651186,30.319568994827574,224.3157360653808,9.883130472112862
40.184801352666156,1025.4926056385846,83.94679686191321,963.5081767335154,20.271634667937228
53.9278986460839,956.4630517341332,43.81292902291308,133.48673296828395,45.16303231465862
156.2015626347377,986.1396644075398,38.45816494440501,986.4931177237282,126.61292637981775
110.34931169405237,985.539929778246,14.469216845798783,267.6757925841411,64.23338580107531
74.16681576077376,915.8660124553994,9.883459859946441,862.0024074486927,75.4718795756749
103.2961052648147,925.8390919443408,40.3714738937464,62.967774027257065,104.97406680897352
191.43082631350848,889.2814474062669,89.87756690592566,252.09876753173876,125.9359000841292
48.85883891245262,1042.3822134757074,93.13716259297597,855.8501572429695,22.260315350883815
114.88273411839403,1036.3975210144033,92.1827481560016,627.5193355756751,51.49509252994681
195.49034912635057,870.6067507478396,95.86215169695768,327.3766768611455,147.02668581806944
137.927555694709,969.6970297064685,56.7951063374402,1.4605185465458304,86.52631045656318
38.68382750059942,889.5239224424319,30.633805484235854,764.1622157756141,30.29883146470018
50.23354246620375,1014.8267746638468,58.619235604604114,628.8470432307845,35.21245723976941
133.96725631044808,1042.9177177569495,56.52156737746448,356.8875051743532,67.19259276886255
75.98430286624203,982.4314604351548,89.02570698029105,324.715055866565,48.333861348052906
171.55928810856932,934.2385176185451,75.89265275088484,532.4859867500452,102.98649836278584
98.63010976847659,947.5481745030755,56.24352769287777,689.729296239229,59.583644790946295
20.63848311477743,1031.2665552248004,23.130443253170917,866.5515560200568,12.97849777971425
40.991870264832485,944.2247774921099,99.59560538725209,72.60396408002934,21.165002056574433
136.19215039875297,1045.6669081653822,44.12811750056667,135.72124556252473,68.73057237563108
147.6048949577417,909.3246822562654,9.685618457656997,256.45653912199896,144.7724338505964
183.6406910233194,943.6448726180936,99.13155829937077,643.0192261086868,109.66716878650269
177.9603130367948,1030.7584926309823,9.34829588295093,923.5671627276354,97.10602889102664
122.3548071366237,886.831828243843,25.03166779212619,598.3234683937659,120.51675633554994
149.28354714677778,1038.8889086020286,24.120999905594097,476.01246602085746,92.38320849399933
55.41630020897856,900.0667914622535,75.73263995041613,728.6645919558152,44.72273819806426
185.2456433207494,958.1189008584006,99.22569559243213,795.7222864911629,85.86185393616725
177.4936546843411,888.0168379542815,50.37004544055402,229.32922784098275,154.0338057995854
115.13495933662348,870.0167241460013,69.63790830147177,934.6548270948206,105.36536801997006
150.6654775922832,970.1316351091043,16.429435481801157,738.9006994479237,123.23969564465438
196.14098016501433,972.9067603040118,66.72985946778799,192.54462549141215,102.76951096550941
164.46280502819144,912.1595201845877,4.520416805476113,179.39156439793146,172.59636338960092
165.45549215237935,905.57604002858,29.49999679688745,61.27515928194871,111.21841762326676
89.89340249542173,981.3563183263891,3.149090050068659,725.7438444513175,65.58336625101043
144.81237859154282,935.9956342941783,75.6589389444637,761.092605438781,120.86028683118509
166.94927913957795,947.7280544318803,68.79171286766825,833.619668343339,90.81866476421396
31.813774218753043,938.0555056137748,17.137515078884093,35.12950638703749,25.25537004186538
35.01914841598217,1021.7233879918015,42.035665443930334,84.8273095817682,23.77989746867165
31.50686504212792,883.1783448731388,41.50528394314625,434.61845985991596,22.140517089358344
139.93750782698325,899.9140525453181,71.36970126648386,713.7223076447646,93.98687313148454
176.76572751572988,965.5558445378693,90.09138564173305,591.6829176170755,110.43166977728315
192.37822132876198,975.4116846411926,33.0049290406616,453.0551594301846,122.93567669963696
165.75510799470194,976.9685266607448,66.05166239089787,215.58758581890237,103.84423153599623
89.81171462667929,900.984302684447,83.669002946255,445.07578968387384,73.85281922692755
63.14604023133019,979.1306361447757,92.62131134675025,798.3021123097056,34.91624852215634
167.12474080924352,905.3285368758955,29.553421866540695,772.558067258058,146.31327513333136
92.97367770559724,886.3844546485726,58.14025187145732,796.6017998346508,70.3973834864499
25.355788917587606,879.6825951438607,73.70035775025902,533.5428934511737,21.50537033479669
171.43515961343778,970.8116727045021,39.46070515314711,649.6552793730968,113.91824861178895
142.48979499580304,1017.0067827726846,5.28316983428182,179.79259445537156,105.21636099163611
175.15981678932968,1013.8097210433846,24.048291078210816,50.75817188930487,109.2144877315235
171.66063130930274,967.8606921374484,7.4172930728604864,539.0028845688499,129.65745388344808
16.71357652412646,964.5136569199112,9.353652789934142,261.14019253906497,11.677812386894487
109.78148599889866,1019.059819371222,4.4018562344615875,490.50835408452895,71.00931421709502
167.5802859742945,895.1482372322425,79.00281341411755,698.7755197007162,107.66316939057681
17.87661838226775,896.6079997455419,44.23476462918165,422.12240935057275,13.025531185989214
126.77089504409771,884.4282389640316,76.01395943898142,460.8992052423554,104.8961559266681
136.26778762982974,1048.6953398026576,33.768148742586455,33.106124143894355,78.68976288659778
2.3059230745547277,874.9179251458851,66.48821360683705,24.207211009307006,11.174310602422858
161.91949654085937,875.4625333477115,32.24966091284448,757.5585226878377,137.48404394691812
161.59442758118985,975.4512969746543,8.263260638681347,190.42201698407436,137.56918628591498
190.6177309235532,887.6869079397338,78.36496822110884,539.0313390459695,159.12165838442067
74.30789926237995,1011.7438414212486,74.84717441249167,604.8707740444038,40.59885912100284
143.8450815525282,1047.912523028259,31.284402593258807,672.178559863251,63.75083417780937
158.93791305163353,960.7236166015957,28.98617964426378,292.13793025019805,125.98810131716311
31.85489041364258,968.2395419947643,14.794361293575376,668.1435672669486,24.847683416832197
108.00267081972707,921.6930844515938,52.22221606243669,767.9871028408697,80.17505039619873
30.115449690408937,1018.3842642410186,28.89771945880012,621.6549634062488,12.164454235599441
8.49196659641509,938.3001464932962,4.038316389280316,434.68992015207385,10.24073443596022
5.250270730475193,977.8580967247007,0.2795589432396772,261.28529672170254,13.318796559095864
49.122568037950586,932.1633892849104,34.14891443303865,361.4667409948946,38.35610194958915
103.17814093094961,965.4063398166936,40.51833478936639,563.0015069465512,64.19780981142459
47.160354872006764,896.8691505758914,26.940928035737997,227.84475230177893,47.827189322849826
64.32808394665463,989.0383029641183,36.62106417873976,821.5782133507404,41.71749786292792
157.02798154477057,937.5585951755043,4.187315369057143,714.2881083441972,155.35958112791937
125.00338177348557,879.5466100663822,20.791651487640927,410.1834640063532,100.91355528219316
171.20512368412136,970.4872273117621,61.809110160974456,786.5232229138986,115.66438237353536
3.398872572729683,982.3916652809864,63.624497468103044,938.5970224153723,10.885633091877196
184.92847163352639,903.2579569715112,6.451451823645648,267.8106859474906,181.18849161311985
9.397320342270433,892.0338828544709,39.1676561927908,834.898215000151,10.508030976882536
24.85289110273865,970.0428194160929,52.928963108737925,4.9717296779737685,20.795347312543992
125.11568178725987,916.5590929477465,85.69457578940496,177.4450730344479,104.0077853257919
189.68904387003448,959.7205002492794,93.08997858242343,515.6633495826736,92.03885167661895
75.61758416620104,1007.4935078157716,52.83213008026969,64.1659229972117,52.97293017970004
53.559887770156834,897.8749680604037,6.553055451438539,696.6445401317077,49.86162183961627
123.81493699238158,923.1272002360085,17.0871135009255,571.4204284935151,108.24294137359502
133.8990355536028,1001.4993193399116,40.76412118791545,158.59286502532188,88.87975216182194
48.54324442065672,945.5639484239094,71.69911200591204,368.2565146852245,32.65628165501922
145.04570937907636,965.097788256109,21.387431848118364,309.5850345550004,133.5359875127381
155.65896816827345,884.7902898725401,87.34441924153182,822.0369174345142,109.13481087594376
58.32506410099989,1046.7975103385286,38.98808520784378,354.67608232901773,25.465131229152703
150.0585934127345,1006.3784412466745,86.6273454379044,42.31919487259594,77.77513917728993
80.65583674409838,911.2342304721649,67.57509065348476,339.93071722588843,64.66143891081772
136.63667915307775,922.8899581320655,95.92184265365304,911.4329496714942,97.66499868790687
4.652820033824989,885.229234729482,37.72711329738011,411.19162583420996,10.90464202742325
55.95752874476341,922.3081378067764,57.57094097135342,814.721930998228,35.10942942922396
101.04326742332346,1035.2492586079877,77.20368968387425,730.7800733220963,62.11181778610859
73.67435878730323,970.0962581152701,50.0969831040106,178.45462881338315,54.4653313934436
196.45998817001757,929.6792212917584,97.24761183131773,465.6826973713579,149.61503053112466
166.3506726878741,881.0754145775884,68.82573018962816,37.54098184180399,144.7059313313237
137.3654911504407,880.3542172816595,85.29653868926782,238.81710473179717,119.62515829780314
183.29718145151952,907.6086915623526,76.50464313025591,355.0634622151323,156.76073746174131
165.70511538716036,916.389076603069,31.507380964964803,708.878056125197,160.64523317021585
78.94400019712897,909.9381885320462,14.141607885023944,102.17566110236665,90.19647050139757
18.914977775969398,977.9739338297687,52.62114142362029,721.2517252459863,13.28715005805828
157.47461635437426,967.9880248658319,60.64564956396092,198.61888320070742,102.98322149090878
118.66354061874551,983.5572472377191,19.79901529295821,216.7822579645139,81.06570927518102
80.99890149239933,928.1436301760364,22.57176044524546,882.3827758926669,67.06625425763026
170.96270626002172,1000.204946650798,95.62105915238357,918.1303959343018,90.29503501897712
122.37503344022271,960.8795600339766,75.83983537681473,327.44106643961334,76.67570151105622
77.86813392536011,953.1083629498868,50.06835077582185,407.1974961378674,65.36585989898633
110.50996440691658,1025.5228572667042,89.18238953380431,10.671942766837027,68.06743877997756
36.96576238975457,1017.6627946256285,99.72631097636162,29.398222163992237,15.880709228276501
21.349157891554338,1010.1539429627663,11.201462559208597,127.90701417324502,13.14041964614798
119.43933296780249,1036.3787663158896,24.43858361869804,377.2911230761703,67.41839723601602
94.45460235600684,996.5109486097343,26.388715005860586,283.6491824913093,68.00877089588192
195.8003485144259,891.5461702113325,72.4777638226277,415.51090714836204,144.10932915866158
0.6148217354435603,981.7904587270449,21.370176517785644,367.9048464428083,12.028304018300716
158.41650716333473,894.1067342419856,5.794504341670825,311.22785511382966,172.10550971158142
14.182537508776205,892.1712562199792,52.59614187426006,771.8674136327818,11.48992803784202
57.367234094226546,967.0612790629552,22.58440869402103,397.0021346948185,34.245694157368696
95.46937695585234,1020.8517413195052,58.65570838696781,756.5211876998311,39.09672607313226
81.45580469773101,900.7081239423927,72.29540508812524,941.6001380651115,59.9239678745536
121.31366670424428,961.0534659521194,7.350155145035964,451.291935704795,66.6557702388304
67.03825345291894,945.2884162501546,9.222474139293524,933.7778764701102,59.65470356942738
139.08341638150165,1024.309910323701,29.394838310817217,519.6802432544904,79.18143684122904
81.4495860646184,1004.4861572065474,82.95830739053783,630.4779575858578,61.4926007696274
155.6036886454108,930.7485261766371,49.237552982265,395.4965504159742,163.65181111783187
87.07424993259889,1012.3317442378125,4.6358402962530025,693.6863295434812,54.515166700213726
23.30252937427597,893.1815606115227,78.03067628036213,17.968832990864048,19.104884330234743
8.431704258692196,904.7289430906567,99.02582619740625,520.2565631638269,11.493372271003045
40.636441649976504,940.3061530858982,88.4539601262118,88.37974681088545,35.00295202402318
174.2470395009759,874.9085140938397,15.39918160804219,455.62875324993877,133.64430510616447
64.0756427352268,1004.1290333741429,9.99457460104427,175.50815468724545,33.68036180215459
43.720814964215315,1031.548852632165,35.57953391377037,817.3976796105014,20.73388367821007
101.81516341908483,903.0127015599853,57.2041504895491,485.3861229596904,89.70526374253022
169.48634309361896,946.4052407246035,56.1370861859254,902.417861987619,120.09556062620639
124.23573316761643,1047.1055779934568,83.13915376647044,290.40082357573016,64.60527668314786
192.62581175616657,890.8491422502549,30.400619578630096,554.5307174694464,143.8260016271642
158.7622739789037,1047.326441709231,78.02432640945105,342.6092810812611,46.92543196226481
47.48513471616338,1025.3100630646886,91.27242755166307,736.6581178734069,23.631131031502157
105.72159161641488,943.342304589612,21.196074957957457,645.1355768315688,73.19029412349597
122.901708966281,892.3446827352946,10.247473915685523,370.5628249908528,85.82233538632323
138.221555492233,873.2497518436817,82.22568634710554,507.3994723576517,112.04227827807556
198.63810027310515,974.5518525493034,6.483992787664028,289.34960280183265,176.82477653195033
114.81749889519517,1038.2930870565713,71.46527692330146,453.10793811003936,53.61146263384263
51.04880270793899,1015.3184730545296,40.28550666288935,597.8503652376058,27.34477653841689
114.55747578110629,1039.6663708438966,42.07379204528666,624.4839025491123,57.15375523989213
161.61401178817152,1026.5243984795611,65.67712001235162,830.2821856193137,72.9506941019759
128.3498638937772,1006.709035993039,74.60190112125736,675.9086152782983,52.87570312669259
152.21687999551852,1023.7563891866536,8.965468324088588,522.2124181356096,84.88879894742738
29.036209784842427,1011.0355367206968,57.927958208396156,636.7770057315762,17.067585366186687
113.75224031239868,896.4477333386517,56.533987151789646,294.40750197524846,102.0746603972775
154.45990040963648,1029.7209137359769,56.94815339057416,792.2985551867913,77.70952573216778
171.36692731745686,1041.5919267499614,89.05396773694137,108.35486788268823,67.50165207234116
167.83727523734416,1015.2739345094994,22.302790950560304,780.5281142986731,96.47803925254811
155.25375600026555,947.3774270173773,56.39151376474556,960.6280322188811,67.88101004070299
10.954504322736103,981.9992164220063,2.296067021804038,557.9085459782001,10.267714995828085
31.00016325413253,985.2431047051325,45.71814966484279,417.7036581362974,24.692345735634888
178.32149867790986,985.5484719541525,17.3914624372695,215.906853299601,103.85417042033424
112.33193120812103,1049.04453777069,22.81103545426858,606.7310737103026,53.68388774266103
65.15561740122222,989.2577982577087,90.78600135579833,650.1895878014101,35.509284805461256
179.70437996099196,963.6375342677097,65.72591803749334,561.1532908455447,136.7718226054513
3.499854856686646,1017.3791375500605,28.470142802606226,3.0722386930196466,9.327663075549776
68.9365773797341,943.3449919500268,66.35828846529519,981.5980504636188,38.96317427520516
180.44970139137365,971.9282107785438,43.4148209850041,29.939894000084564,94.36302026251192
160.91705240156014,1011.1336891837689,40.623093091333004,763.1052684688731,92.59007066686998
108.90008460961906,896.390208141105,66.091861028998,93.4973939031425,121.59700680964848
110.12279001241009,973.1243898577488,34.47174236694346,630.3528329193902,78.66037881604241
184.69228421034617,908.9937789938447,56.17940610790928,808.7421389367715,138.5463756777016
19.65055565835776,1019.5105532066583,88.22868775257285,766.4910047522679,10.483123466150477
161.44649316147658,926.4650428509061,33.68524907564677,923.8259922744467,122.07162417518046
24.037187176839314,1021.7954110694479,77.72186120379496,398.670491140098,10.63725237576354
29.790407777727836,975.7700181255567,77.31448509599468,849.7635387557093,18.59222260890864
54.38029114312124,1031.8189023979096,85.4636922698126,832.5299617590199,24.237343644545817
32.84909200432497,1005.4199121912736,0.09781793245176029,667.7163381293993,22.216300604536332
102.77972137070914,978.0706394487704,90.7339020708455,389.28628759536855,49.80936914195811
199.68869843356444,891.0211101924467,97.96505478266921,387.187432526792,172.58338867506944
40.4117346928369,884.6185389183216,19.33328942530881,611.8898640188647,42.2512893189199
164.71210862620555,1018.1984610393715,2.5485329686970593,945.3435172604205,90.96163231162669
75.0382878300732,880.0775254530621,64.82851973119905,80.10443518336541,77.68040164847349
125.97240448971641,883.1693040908175,73.77303490146457,54.323535063392605,100.90669074029647
81.5582093203877,901.8940573582182,62.953723610794334,195.8995153892088,60.264512942387626
116.4924874148126,949.7964512972026,41.11349629385595,143.64811815544343,81.6611893548231
145.9952762251512,909.6919387187847,27.980022333652897,16.817904231834934,102.55182122390148
99.05375903941622,949.6850899442318,28.15009533668903,162.3122845454662,87.4938732750137
142.86307386000593,950.824515516895,13.973050360397398,403.2192287070032,85.54985736560124
172.60326059407905,990.8508165434389,59.631200982029064,344.55048307375966,87.06063533611301
111.09289794961661,886.5725135375212,87.24483437247135,724.9881671770638,55.09655022619113
165.20120572170518,1036.109202125707,92.30900559402637,981.982455856888,65.04432806901531
113.08427408230351,1037.8473301852023,6.679411060447338,777.7398769821664,62.272706914339416
4.547013934372202,1038.5834060185898,67.4632419150591,262.7990772363401,9.509955680220454
194.05939459095677,905.7190648949143,45.38664388068996,89.18684674234456,147.3095481633381
26.533134213377885,1037.6495919865074,35.78789361932792,930.6110454443728,10.875410350655843
40.52371434083746,1034.8474890960943,40.131229988271954,467.1927880099819,23.472508350927566
185.43336105220143,953.5659063005108,20.491704232652097,996.1108632319713,121.83367835227526
181.527583545853,992.0458854608103,7.859458478485914,163.38281333792537,144.3557425956334
75.96590982767944,909.3967926134227,42.18995588866843,825.1673691965224,51.93922491223515
195.90884248857628,927.1960689412365,46.772770952990705,546.1127875256213,156.04241184480605
195.28662166739286,937.6765994863775,19.038719846497266,447.48935158801095,196.21808853293476
178.28010867219587,968.1339829669228,30.709824908225734,592.555024096252,138.0747705293124
145.19732886737262,900.364844170365,57.88065219150682,47.78562591113988,119.71550296254644
172.82456516562183,922.9229711878922,4.300125668256404,817.4613199719506,154.43446029115395
86.23194884567226,921.2569123438536,5.29001223780774,451.7386421925598,76.70783018345746
136.4097479732721,1019.760075645825,39.83595778822752,534.181819172819,78.13068853531375
185.5367901053626,1032.9077027989695,74.0916459194845,499.6583064442601,84.41141794163264
102.67815764295784,1034.730695289349,7.5178563699226935,833.9578595867524,56.46264656867351
127.81249298493344,1028.072667036083,89.4266231511793,588.9930765050947,59.52730371607655
165.46455648897887,888.4208329997049,19.33853943727788,519.4244901134487,134.7715305743261
194.73567816595394,900.8915317286071,54.61250717948194,734.5479714106574,129.70748428481312
98.26116976796766,1001.6211350531896,60.64940872634277,233.86451421587506,46.87015618422474
85.20410041001965,1018.7400706238536,87.47332529913196,539.3598991858169,30.959462472240574
175.32861249891735,1022.6536929067527,17.721660840147546,681.5317421847213,84.91107840600358
63.688326490558936,875.2482520112754,22.89082897635203,750.2712268355731,61.21076274859009
191.95347687421062,874.1253628485553,78.56076859147795,588.6115919396159,131.59966075153088
143.8365856359156,947.1640559472191,68.07453105383024,994.4676914736252,95.62487933407083
90.71474444616025,996.0200782939494,40.26593406565787,938.1943829094201,53.091634350112756
47.18998357700186,942.9152439034724,77.9885864314479,146.54417231754246,23.39642068211416
158.4808022014228,935.7155354143417,0.22514639505507583,540.6206484409382,153.61580517492123
16.87050112919588,1021.3225188163613,18.04489733569935,629.1749279894219,11.374109195615773
65.57812046093201,898.659086939052,99.21508013707158,678.7471240270935,37.23726018463826
131.911029467047,872.6697874062627,33.50510190358349,988.8733733242923,122.04702641541019
187.41175249949234,993.614548800018,40.49346861945972,150.34051785237824,110.82857291266504
14.572434906419286,987.234303791942,93.70671076641584,72.75328026489936,10.146505565122503
114.12365308216823,928.9306581185465,39.793044305530586,456.7257222157941,74.32027832056083
118.83423321677924,877.0982670810428,59.06327108611129,772.5708907981366,71.12628875040319
53.70349621060369,947.3929935113986,60.89612658460262,288.80408989898353,36.619335982291354
109.34522281300671,872.9099311795507,15.833696072454806,892.176560450986,100.914665677274
7.557627336490835,929.5586949863234,3.391103410273777,605.1665298029278,9.403480459578095
145.9273580160723,989.2164442801289,54.228232378625016,975.0093349753986,67.69167522744404
119.64457737915374,994.4531575228187,50.736123300392634,291.86761117257663,71.55678841555641
25.99763467630336,1028.848410315868,33.77209592322672,735.4247093925622,14.634665210395674
102.44112693300971,983.3128851047389,64.72707546056368,283.56593360587476,64.14886697881538
90.37273172447955,968.2246298443994,45.78854513349383,810.2593924937723,60.166271794267765
182.5837433871619,995.1504653533542,44.140555777896715,356.937869814406,105.501451505949
35.8084592748894,1031.1352898025095,40.16533303825495,390.4961830198871,23.50040882940508
39.19774970303489,1008.4393147750178,65.67267342415529,26.21789227354787,19.236546610542042
123.11657436491015,919.4820079839282,78.02479272931207,963.523638352932,85.95587849385812
12.696218072486998,983.0074171682045,97.33573828742352,494.89825673723163,11.772836639439943
106.4394615478384,939.2053921338604,14.991707993316473,623.6412493481699,93.6452232190649
183.06365525195682,961.0449892990343,71.8539743464524,153.91532210294156,120.40955015811211
166.8176190994494,927.620930022754,57.68042742919444,493.9071610137217,115.38343472143279
149.95289599624263,1012.2950420960412,53.214066712747396,681.562733086845,94.82953344680709
0.13092517643220614,985.8389025443993,68.23387267082941,792.4052345565083,7.865537612107491
73.73618342261317,995.190292958013,88.30204608283769,663.5701126956695,32.25238325765719
173.55750405841655,1006.0020866915967,39.0154431618297,727.6886002685067,95.58932380989769
66.37538624646129,952.1943809274944,3.831579559023779,673.0112442733755,63.569702221269466
33.58393204152148,1031.9580158406393,17.590720786436698,746.4727933900913,19.953583681989883
170.49631979246334,918.298039177187,18.255604009502267,523.5848754135769,128.49923729305382
92.13716327189641,940.9320610411413,14.035415912434402,826.4684216322494,69.20353380936548
122.27748378241638,903.4239998079405,24.662479485533396,951.63985440953,92.23748170281144
136.70511772141322,1003.0848941481827,84.67431162987089,789.5350932433109,60.10917767713079
166.0616738593174,909.9954873020395,94.06052246285066,546.182088259419,128.9962516114755
180.303577965157,973.0670047418515,10.310261204977378,404.9010587068016,110.860284290089
52.14568090380271,993.2044664211221,91.59971276512792,186.60179177701653,35.86440487476586
152.29964157624235,1000.0357514477417,93.21611112602267,177.89857770468177,91.8964168288988
189.00487772129574,940.033775792884,96.86279935795342,171.85718866923006,143.59761639585267
189.21294747162497,909.8973828278495,69.45976780524137,343.3250451813706,136.91374540989452
121.58751455200101,993.5587455824714,10.222072320843967,860.4502006726658,78.4121955499152
187.91588769030756,889.1179122089447,71.06152876557358,369.23142795118844,120.28683262784538
5.13185404483727,986.2477493892146,51.893498944378905,956.2589778473905,9.213006389399796
189.91541542131043,970.5632825075667,1.5632410421102083,320.44141557803675,166.20664787821568
97.55367602855449,992.418551830313,82.48619903751239,224.20670842828093,66.84583035150992
38.83190796765585,983.0629951668714,11.997777877561788,675.4267133315439,22.889789902639617
102.4620396261343,973.8536244139949,92.63186218768143,113.19689388484055,58.08324803314657
96.24346881956016,957.1648355548582,4.688983558973526,521.5425925927201,76.65375022278793
140.93722303750386,974.7558526879791,26.91337823379896,37.69054327912747,86.55347039237513
167.71256381902646,907.8334558830823,30.758047914659414,325.24598608650257,164.98422852700594
90.73534623909387,928.8182095361343,32.77661442927806,107.22222340550913,70.8239431591928
145.78649427519687,935.8998217544579,88.60988856439857,817.5388158819355,86.24769289266682
95.17112631774197,1022.2575741344101,52.452477885319205,238.14883678260244,50.59574666219329
85.25001622338124,1023.2806791150394,4.579216998857816,959.8002107498854,43.88524690817347
53.150884736672936,1022.3889141302077,69.71259181518765,643.312042969335,26.352665554944966
21.820939009605045,1041.0696223270647,79.24542657072621,35.1921899343558,10.334733091106516
70.77190157372466,952.1939354310023,61.57187635392852,947.9751512228958,41.98900888151535
24.402740144847137,976.5122641196085,47.288771392021765,60.142327882884096,15.572509600847257
146.50035624938033,893.6941915482108,47.80138209963331,271.68202669163486,137.27985025654652
25.955178193762784,1022.0463938457224,52.67830905154705,856.4533946438575,16.49236364402669
69.66325104563475,899.3021141010028,13.684976797680537,330.8932226703061,69.59452170576984
161.8195770873023,1015.6905136976736,42.81517670756809,58.3691593672786,116.43620844823718
64.8910341620958,1009.1265994686044,50.64394355976035,792.2955956629662,28.147196020548108
89.95593419509365,949.596268164492,29.865017430925878,167.58985920413627,75.47975896292215
98.54237244442349,930.8202944087797,33.72853322562123,740.8018774775487,63.73227725897656
133.86295181455276,967.4429028763699,33.953620294397915,588.3212195483194,73.60014539967636
192.9070805962529,1013.3884408773695,31.732728174036573,712.6761514065887,100.24916448914047
122.72956414227578,901.9995199916185,12.889684218571862,958.0051199673304,125.26593814188416
182.09735023775363,1044.174191168964,81.24178848652559,428.1072764499939,92.98244437002987
66.45895544498524,894.5025492300348,85.10131389368888,882.4899944618508,47.51558852548446
8.574986690198072,1014.2918684723335,37.25035983261841,229.57338829585404,7.700949160165104
129.46801018477635,911.7761216543217,95.84613236518297,131.12789871283238,90.4131613696533
175.47434691461538,1028.9551319063903,82.7076219884556,799.3121022431454,81.5242452985956
173.6970190962805,882.4636636488282,0.5569706290785903,339.92977053321295,190.07539733895194
6.757860663215665,906.7364286930502,63.30051379329177,555.5460508030288,7.234309624778882
36.429807069890096,888.0664885871388,30.32624295678955,851.1221224055365,27.38880522071798
104.95837869779552,938.9521605480359,58.64335046705772,995.1004215831867,68.28106961125025
98.12588117133434,959.9252038699176,85.03420404371667,990.4630477477098,58.64085296059113
44.41710326533366,950.8207845821706,63.73218282224807,441.0638266754208,20.516943475112612
189.89150120715524,985.7662069379561,14.970468541160308,6.365382147852761,144.56815901323486
73.25882143670803,962.7565236185654,73.87484588003478,167.70894765288458,49.94592852601877
73.76686824547241,907.6471463661385,95.86915900527924,525.827662784149,56.48147668004586
161.07695223922616,901.1173041713375,54.33647171238746,816.3560264249235,137.61312852959657
147.40923514027264,904.2762693058025,6.291558687609,200.1810938610079,161.97596433793862
28.642521617805983,1021.4100680956738,0.7084284923314699,304.86944782784474,16.966931389350837
18.520817248500123,937.8881394333642,0.8114851157979164,89.85098093443055,12.522980361394218
48.94969674254654,917.2302668401361,16.01507976946013,717.5445821340828,39.587299108869885
92.63721755893096,874.3605698336091,16.505914007823918,471.6607436837654,107.8029905617088
103.73626009548707,885.6765402833247,45.60274718473938,786.9229479183643,105.15047670798594
179.9703275413628,956.4143243697812,32.0848861786281,746.8265963591339,142.6725280803794
72.63747984475091,982.99221521477,48.383335125197945,378.9096039142826,51.000074923243126
172.54754688027322,1039.5847906610734,32.54342387798857,618.611515240625,96.49767919553352
102.1856335053861,1009.5932465335596,66.97842310510676,453.5732819319723,51.31742139107618
179.93029155981222,969.6839577212633,72.95562558043743,392.49556551200493,110.94101127857024
109.87481604372019,902.6974511838856,43.95365190532101,120.92976752981765,124.65247880217407
93.75449594192055,881.3979485801608,68.74828429152706,198.3211893059187,69.68447046278071
157.44233089267365,1001.0946221583231,92.57949781751992,655.3960858475746,96.22465053000744
193.32404462419217,1042.204380563013,92.60871338044595,325.82260803721283,80.57685604677438
34.5087724256391,973.7966527933978,56.68746151748413,614.8092017628139,26.213888145193092
148.1989151417319,1028.6805678219696,95.53419731617721,732.8051285974685,49.909477700779014
159.88059241615935,988.304478479148,58.51767366779064,640.3575115144145,103.33467514848871
47.25441270043908,969.1186069391454,23.645472449590677,166.5638262413629,32.941098660372866
130.66393340184135,996.4446450289136,24.452117673569685,577.605157015465,67.64941508200926
178.90433004522853,906.5735712471355,55.594413682592005,308.0614154545833,153.87977432501785
83.57507902705154,958.0385806445888,64.4606489412691,737.1149342034757,61.09940549744254
176.50126888320113,909.395883896061,80.82418322047725,289.8427936966367,115.77175152661383
188.37966921860024,972.7878691246535,26.10379298436133,253.8962481737801,110.37515654419508
162.1526926056704,1009.4875723843361,61.12128400466656,725.029774878017,85.25983465315076
36.09209342788442,950.4288101840715,82.48690429921736,860.6142370571627,21.0822311410632
87.75919974250806,903.6230504720493,17.43305656324453,69.88247604734876,94.87747567394412
11.087504522665913,914.3680831790692,90.10725959829672,468.5110133867385,11.424391857046732
105.40001379052322,959.5861642761352,11.251308928606797,490.32749763070524,83.1812896516892
179.0765446685258,928.8378182417866,57.957855575707526,558.3122517600974,169.1464019783321
182.996153114654,913.7448953354381,14.923957756220075,812.3207664133655,161.85396505610575
150.5497961820442,887.7401534039448,79.32336283051019,397.131686875247,112.45586288063892
158.11714936213093,1025.3360689414465,54.79794754716788,173.2663291518174,67.64577499442697
176.67429602811575,917.7560820950524,55.421001828421225,606.5799654337229,129.72248357406878
187.94537735881588,1029.2685754880931,51.86239965517871,505.9153948994206,94.33487212706864
113.78426170106223,932.8763258684241,21.05857334533304,739.9811202439998,104.51362165976853
140.99057894723904,936.9947196552353,51.433455465260344,184.65620455738784,118.91913852136659
127.48542656747932,940.982238101769,6.088100968816912,837.8544518541352,84.57417561999264
150.12136815538412,1049.5582224909208,76.85686874422267,201.99519408745326,71.05323092517862
55.62603768406784,924.378635157136,92.25446610737674,645.4068428427717,39.329672399509434
162.93454553584144,1023.9334127527829,57.38523179347376,109.48083892624649,113.8319450571131
13.281687120925568,1020.3331346581023,16.300474818121035,210.05141639714398,11.33125595112109
145.59155638592856,1031.7371525402123,86.75924844560716,22.84058018732682,80.47685288819618
29.843075041341272,973.8939193647087,77.92205134545401,729.7668452697063,17.189451002471184
117.37590245794993,932.6845586264245,2.4029948506318455,302.7906581672988,114.71400285234928
95.59374790964152,987.67584648888,73.49221222950591,192.85127562797544,69.12464897557518
122.4160355675953,905.3398712284699,0.4912477556982431,415.5844076885166,96.73766985787009
94.01932222045633,907.8750787945035,59.348496422071186,92.92922622484856,75.64555130922037
193.48292069907507,896.1331290871465,4.841646278866141,150.93172141727374,179.17822111916627
30.357477241098273,907.3042114699842,11.807921429522994,686.7859506904148,28.935619159352246
140.08039975183306,952.8620562987035,46.65528144885588,660.1828123601902,116.18507207516657
10.700692408034062,979.0507164511669,74.60210746037788,89.23658814977031,9.10453856991839
22.54191694048353,942.4853321821316,12.950248206619374,180.70697815605342,12.793756764856532
24.1913581155359,999.9007237385595,44.64910040496793,722.9993592421631,13.360987063035108
132.34353474166937,1036.5955176595444,75.99519896331202,932.402411465897,64.72114382781442
39.590266235892436,982.135322499418,72.96809346533509,37.023024958463104,27.362649449963875
114.37676875657523,947.6607393357981,33.731318420471176,536.1484588191588,92.82755214505127
132.06744369691265,951.9617852353512,87.68725146736487,811.2592198063817,73.61226285189487
155.32975125460732,888.6533222119042,76.436007607729,282.0449857125965,101.87012123733791
20.091734960824926,921.2010781771518,78.98369994639351,683.0417170731998,14.73254148636314
125.06967861177978,895.3100188519599,33.71556241798687,8.742157939296558,107.05333703053303
132.98469681537043,1046.7570914643568,15.012807843329945,286.71296220702624,101.63570553842439
25.761482145063418,1021.198448748759,59.14012133602342,700.6256941472969,14.373621751254227
73.34543912793261,1044.1817406043078,72.15742050148219,839.6460621876687,28.746836173242574
13.20351482997031,1003.5801696216836,65.51563888880317,805.3621570073124,9.082922128917058
42.92363333057363,990.0511004209266,59.62027486058978,128.20333077921632,27.255537415108353
138.91211686053703,959.380451055086,1.7088538232169936,97.16805986213106,117.80719551973985
193.77710141798008,891.3570599670576,27.54619359281393,423.862121516234,212.68390043240447
71.80321447505797,928.7950093830755,36.669060876495195,306.94515826234317,61.61462315475973
184.80400909533142,908.1622698332487,2.7042152429798683,941.5126597504988,145.01287326527833
177.62045970953315,1010.1337911792897,2.5645547664506885,990.0999999184344,140.68975063742192
186.03704579743058,946.0427621167921,36.1822579907262,161.9538626023419,152.22218533840226
46.16135888923465,959.0742761643793,6.030896429979671,599.0668059842644,40.92729750310064
12.303712134233958,999.391377194811,96.39940193695841,431.2218906447207,9.08766023883286
172.39285795511702,874.0284706221626,22.820124872019587,126.48277625449667,191.5612818907048
56.27975692010998,987.0169686535555,90.11200003850436,342.390323575103,32.719239796272355
52.21237086193926,1025.5299311023036,82.7767639447653,684.4486939291263,17.248325459691042
128.40819657978037,909.9306433365955,71.03317220989936,285.45579338359073,130.541751895216
49.93948796189991,892.4450429010005,61.61372018097845,907.9805083952566,45.17509180757242
81.108000809832,959.3496656536839,91.42065552503801,639.8386839887023,44.026083821526576
73.71321979640292,1030.7476559402878,30.825932788034084,64.88238551384207,37.59171036086917
88.56245367247297,991.8723246463273,99.80395387711533,371.9697988409072,48.46936928753212
85.03402150199608,901.0468509066003,24.60975367671342,479.57149775012385,78.80787481391492
21.28500511774294,1020.6186369494781,25.109955267418826,434.1848716343345,13.68571661259205
22.112046247904882,969.8894522390643,76.9156874109131,797.2590534657285,13.05419571917018
102.83660459911349,876.9714705444835,2.6645413086539005,911.4678854993214,106.92143027163281
158.50598426546563,969.6918031675605,10.037719048057326,398.6383399081974,151.42873907817773
152.68884888769628,886.1965238155212,16.187435704324592,516.2799138026195,161.29257910511492
108.87452663947495,963.0333465154253,81.23361671474804,670.1944721210292,54.26102197654419
89.55224172383866,896.6637856266985,3.048205277646021,719.7926127030075,102.40578392318857
194.8402335386261,996.7746789078745,46.34553349348529,195.48575213822028,158.17750256740285
8.490124953667566,951.5333632998165,24.650300334306863,461.9461649106535,14.728085101768126
45.837800699679974,884.347363966551,4.779838631299993,870.2291718700923,36.16669426367148
72.22422654922195,965.5249441541713,27.554779121304396,300.2365693412313,57.28681126779868
160.2053290614741,901.4965127450008,70.40647431951284,24.7901455866516,92.34704969611562
113.02624260648501,902.7106552035216,53.16916917220096,528.1223258105376,99.9761616512508
71.06670356813048,946.6635105506584,42.948491570472925,253.76065445076034,50.819163139208136
5.936809188964798,891.6893473344029,0.5466679735203872,198.96479695855618,12.88516869223743
134.21015412159772,1026.9902579476004,20.036561494292826,402.57985261518104,72.04041096639583
164.51708944121904,1035.502118386129,43.94762361196373,254.22113268323764,67.94775682201076
87.494975163991,940.8523327009797,82.31930743821975,78.93341297830436,57.22486933955349
117.02943751823089,964.4308647759156,83.06930373476595,699.4772542547406,47.84971353475569
95.00067832914083,875.7752332863552,97.98228164464561,402.984339109093,79.37922226523145
85.11270895625229,925.9082315393878,33.03317474338237,589.3141927192611,47.61271688549343
151.01920972438342,1013.1186109853261,5.057755445637834,588.5142869178479,99.09204167060236
133.3073056747893,892.3782155253537,25.231662420444735,19.647857166995575,92.97283800536181
131.0206387381169,975.4016280358386,54.38779873272232,941.4766024949747,74.44844896354644
13.588940829854357,998.6824973026346,75.728723183225,857.9203166626945,12.465067233706801
126.21491506164976,918.5201265167474,0.3026890121750281,249.2905234374827,130.30378217136536
